School,Type,School UID,School Number,Suburb,Coord East,Coord South,Google Maps Link,Google Maps,School Info
Aaron Gqadu,Primary,SCH-00276,276,Kwazakhele,-33.866501,25.58553850,"https://www.google.com/maps?q=-33.86650101804531,25.585538502261464","https://www.google.com/maps?q=-33.86650101804531,25.585538502261464","School Address: Mbilana Crescent, Kwazakhele, Gqeberha, 6205
School Email: okubizamokoth@vodamail.co.za
School Principal: Not publicly listed
School Phone number: 041 459 5105 / 041 466 9018
Suburb: Kwazakhele"
Abraham Levy,Primary,SCH-00144,144,Schauderville,-33.932858,25.56468424,"https://www.google.com/maps?q=-33.9328575407312,25.564684239678407","https://www.google.com/maps?q=-33.9328575407312,25.564684239678407","School Address: Searle Road, Schauderville, Gqeberha, 6020
School Email: abrahamlevypr@gmail.com
School Principal: Not publicly listed
School Phone number: 041 453 3461
Suburb: Schauderville"
Adcoc Brighton kids,ECD,SCH-00245,245,New Brighton,-33.902751,25.59117600,"https://www.google.com/maps?q=-33.902751,25.591176","https://www.google.com/maps?q=-33.902751,25.591176","- School Address: No publicly listed street address found, but Google Maps coordinates place it in Brighton, Port Elizabeth, Eastern Cape, near -33.902751, 25.591176.
- School Email: Not publicly available.
- School Principal: Not publicly available.
- School Phone number: Not publicly available.
- Suburb: Brighton, Port Elizabeth, Eastern Cape."
Adolph Schauder,Primary,SCH-00123,123,Schauderville,-33.931740,25.56131061,"https://www.google.com/maps?q=-33.93174022285777,25.561310610842995","https://www.google.com/maps?q=-33.93174022285777,25.561310610842995","School Address: Gideon Road, Schauderville, Port Elizabeth, 6020
School Email: adolphschauder16@gmail.com
School Principal: F. Flores (recent sources also mention Thomas Matthews as principal in 2016)
School Phone number: 041 451 4406
Suburb: Schauderville"
Alex Jayiya,Primary,SCH-00109,109,KwaNobuhle,-33.804988,25.39323752,"https://www.google.com/maps?q=-33.80498806366577,25.39323752248251","https://www.google.com/maps?q=-33.80498806366577,25.39323752248251","School Address: Ngane Road, Kwanobuhle, Kariega, 6242
School Email: moc.liamg@26lposibmab (may be a general or SGB email)
School Principal: Not publicly listed in recent sources
School Phone number: 041 476 0296
Suburb: Kwanobuhle, Kariega"
Alexander,High School,SCH-00324,324,Newton Park,-33.941706,25.57280346,"https://www.google.com/maps?q=-33.94170625991824,25.57280346481949","https://www.google.com/maps?q=-33.94170625991824,25.57280346481949","School Address: Alexander Road, Newton Park, Gqeberha, 6045
School Email: info@arhs.co.za
School Principal: Mr. J. E. Lovemore
School Phone number: 041 365 1270
Suburb: Newton Park"
Alfonso Arries,Primary,SCH-00142,142,Booysen Park,-33.852326,25.44845081,"https://www.google.com/maps?q=-33.85232574235959,25.448450808991165","https://www.google.com/maps?q=-33.85232574235959,25.448450808991165","School Address: Chatty Ext 12, Booysens Park, Gqeberha, 6059
School Email: alfonsoarriesps@gmail.com
School Principal: Mr. Z. W. Nkukwana
School Phone number: +27 41 466 2509
Suburb: Booysens Park."
Alpha,Primary,SCH-00115,115,Galvandale,-33.912363,25.54753364,"https://www.google.com/maps?q=-33.912362894149595,25.54753363967728","https://www.google.com/maps?q=-33.912362894149595,25.54753363967728","School Address: Bell Road, Gelvandale, Gqeberha, 6020, Eastern Cape
School Email: Not publicly listed
School Principal: Not publicly listed
School Phone number: 041 452 3255
Suburb: Gelvandale"
Amanzi,Primary,SCH-00165,165,Amanzi Estate Farm,,,,,
Arcadia,Primary,SCH-00146,146,Arcadia,-33.881186,25.52313216,"https://www.google.com/maps?q=-33.881186083742975,25.52313216481606","https://www.google.com/maps?q=-33.881186083742975,25.52313216481606","School Address: Kimberley Rd, Arcadia, East London, 5201
School Email: admin@arcadiaps.co.za
School Principal: Not publicly listed
School Phone number: 043 743 5503
Suburb: Arcadia, East London"
Arise and Shine,ECD,SCH-00256,256,Motherwell,-33.804378,25.60580724,"https://www.google.com/maps?q=-33.80437810796366,25.60580723809042","https://www.google.com/maps?q=-33.80437810796366,25.60580723809042","School Address: Lot 2 Erf 313 Highland A/A, Bizana, 4800
School Email: ariseandshine@vodamail.co.za
School Principal: Not publicly listed
School Phone number: +27 63 124 6381
Suburb: Bizana"
Ashton Gontshi,Primary,SCH-00127,127,KwaNobuhle,-33.808362,25.38886013,"https://www.google.com/maps?q=-33.80836185397413,25.38886012617755","https://www.google.com/maps?q=-33.80836185397413,25.38886012617755","School Address: 1 Mdledle Street, Kwanobuhle, Kariega, 6242
School Email: ihstnognothsa@hotmail.com
School Principal: NM Blaauw
School Phone number: +27 41 978 5065
Suburb: Kwanobuhle"
Astra,Primary,SCH-00278,278,Bethelsdorp,-33.867854,25.49525803,"https://www.google.com/maps?q=-33.86785425541227,25.49525802554974","https://www.google.com/maps?q=-33.86785425541227,25.49525802554974","School Address: Laurence Erasmus Drive, Bloemendal, Gqeberha, 6059
School Email: ten.asmoklet@11spa (may need to verify as it appears reversed)
School Principal: Not publicly listed in recent sources
School Phone number: 041 481 5125
Suburb: Bloemendal, Gqeberha"
Baby Daycare,ECD,SCH-00218,218,Motherwell,-33.783849,25.58979339,"https://www.google.com/maps?q=-33.78384855371517,25.58979338844639","https://www.google.com/maps?q=-33.78384855371517,25.58979338844639","School Address: 181 Circular Drive, Port Elizabeth, Eastern Cape, 6070
School Email: Not publicly listed
School Principal: Not publicly listed
School Phone number: (041) 368-7855 / 083 294 1532
Suburb: Charlo"
Bambino,ECD,SCH-00298,298,Clarkson,-34.011901,24.34647901,"https://www.google.com/maps?q=-34.011900712874024,24.34647900963787","https://www.google.com/maps?q=-34.011900712874024,24.34647900963787","School Address: Bambino Day Care Centre, Eastern Cape, South Africa
School Email: Not publicly listed
School Principal: Annelize Nagel
School Phone number: Not publicly listed
Suburb: Not specified, but based on coordinates, likely Humansdorp or nearby"
Bavumeleni,ECD,SCH-00053,53,Motherwell,-33.807776,25.59114572,"https://www.google.com/maps?q=-33.80777610353109,25.591145717499714","https://www.google.com/maps?q=-33.80777610353109,25.591145717499714","School Address: Elujecweni A/A, Tsolo, 5170
School Email: 220004ssjinelemuvab@gmail.com
School Principal: Not publicly listed
School Phone number: 083 349 1764
Suburb: St Cuthberts rural, Tsolo"
Bayview,Primary,SCH-00173,173,Helenvale,,,,,
Ben Nyati,Primary,SCH-00203,203,Kwazakhele,-33.881926,25.58863118,"https://www.google.com/maps?q=-33.88192649885194,25.588631181373636","https://www.google.com/maps?q=-33.88192649885194,25.588631181373636","School Address: Maqubela Street, Kwazakhele, Gqeberha, 6205
School Email: az.vog.vorp.ude@750001002
School Principal: Mh Dukwe
School Phone number: 041 467 4506
Suburb: Kwazakhele"
Ben Sinuka,Primary,SCH-00289,289,New Brighton,-33.892277,25.60263263,"https://www.google.com/maps?q=-33.892276994066776,25.602632631083768","https://www.google.com/maps?q=-33.892276994066776,25.602632631083768","School Address: 1 Gunguluza Street, New Brighton, Port Elizabeth, 6200
School Email: principal.200100058@ecschools.org.za / abawcul.elidna@gmail.com
School Principal: Mr Liza Notuku
School Phone number: 041 454 0211
Suburb: New Brighton"
Bethelsdorp,Primary,SCH-00087,87,Korsten,-33.867870,25.51287296,"https://www.google.com/maps?q=-33.867870478015405,25.512872958174313","https://www.google.com/maps?q=-33.867870478015405,25.512872958174313","School Address: Felcass Road, Salt Lake, Bethelsdorp, Gqeberha, 6059
School Email: bethelsdorpcomp@gmail.com
School Principal: (Not publicly listed in current sources)
School Phone number: 041 481 6263
Suburb: Salt Lake, Bethelsdorp"
Bethvale,Primary,SCH-00072,72,Bethelsdorp,-33.877126,25.50194034,"https://www.google.com/maps?q=-33.877126279731684,25.501940339675247","https://www.google.com/maps?q=-33.877126279731684,25.501940339675247","School Address: Bowker Street, Bloemendal, Gqeberha, 6059
School Email: Not publicly listed
School Principal: Not publicly listed
School Phone number: 041 481 5009
Suburb: Bloemendal, Gqeberha"
BJ Mnyanda,Primary,SCH-00057,57,Kwazakhele,-33.888347,25.58640198,"https://www.google.com/maps?q=-33.888347,25.58640198","https://www.google.com/maps?q=-33.888347,25.58640198","School Address: Njoli Road, Kwazakhele, Gqeberha, 6205
School Email: bj.mnyanda9@gmail.com
School Principal: Mr. Simphiwe Lukasi
School Phone number: 041 466 5440
Suburb: Kwazakhele"
Boet Jegels,Primary,SCH-00159,159,Booysen Park,,,,,
Bomi obutsha,ECD,SCH-00257,257,,,,,,
Bright Angels,ECD,SCH-00299,299,Motherwell,-33.803449,25.57836548,"https://www.google.com/maps?q=-33.80344859167251,25.578365483217258","https://www.google.com/maps?q=-33.80344859167251,25.578365483217258","School Address: No confirmed address in Eastern Cape found; the website lists 30 KG 9 Avenue, Nyarutarama, Kigali, Rwanda, which does not match the Eastern Cape, South Africa.
School Email: info@brightangelsinternationalschool.com
School Principal: Not named, but principal's contact is 0788305818
School Phone number: 0788305818 (Principal), 0788567387 (Director & Founder), 0783586558 (Receptionist)
Suburb: Not confirmed for Eastern Cape

Note: The information found is for Bright Angels International School in Kigali, Rwanda, not the Eastern Cape, South Africa. No verified details for a Bright Angels school in the Eastern Cape were found in the public sources reviewed."
Busy Bee,ECD,SCH-00262,262,Zwide,-33.868025,25.57241663,"https://www.google.com/maps?q=-33.868025,25.57241663","https://www.google.com/maps?q=-33.868025,25.57241663","School Address: 18 Carnegie Street, Extension 2, Butterworth, 4960
School Email: Not publicly listed
School Principal: Lulema R.
School Phone number: 047 491 8130
Suburb: Butterworth"
C W Hendrickse,Primary,SCH-00122,122,Rosedale,-33.739724,25.37254448,"https://www.google.com/maps?q=-33.73972422059023,25.372544481996997","https://www.google.com/maps?q=-33.73972422059023,25.372544481996997","School Address: 137 Acacia Avenue, Mountain View, Kariega, 6229
School Email: cwhprimary@hotmail.com
School Principal: Reciet Ag
School Phone number: 041 988 1198
Suburb: Mountain View, Kariega"
Canzibe,Primary,SCH-00090,90,Motherwell,-33.802247,25.59731976,"https://www.google.com/maps?q=-33.802247,25.59731976","https://www.google.com/maps?q=-33.802247,25.59731976","School Address: 162 Mkhombe Street, Motherwell, Gqeberha (Port Elizabeth), 6211
School Email: Not publicly listed; general contact via Eastern Cape Education Department
School Principal: Not publicly listed
School Phone number: 041 469 2098
Suburb: Motherwell, Gqeberha (Port Elizabeth)"
Caritas,Primary,SCH-00182,182,Rosedale,-33.732837,25.37111518,"https://www.google.com/maps?q=-33.7328374889468,25.371115181520935","https://www.google.com/maps?q=-33.7328374889468,25.371115181520935","School Address: Warbler Road, Rosedale, Uitenhage, 6230
School Email: amirpsatirac@gmail.com
School Principal: Not publicly listed
School Phone number: 041 988 4204 / 041 988 4202
Suburb: Rosedale, Uitenhage"
Cebelihle,Primary,SCH-00068,68,Zwide,-33.867528,25.54803349,"https://www.google.com/maps?q=-33.86752756212128,25.548033493650596","https://www.google.com/maps?q=-33.86752756212128,25.548033493650596","School Address: Mbeki Street, Govan Mbeki Township, Gqeberha, 6001
School Email: yramirpelhilebec@moklet.as (reverse to: cebelihleprimary@telkomsa.net)
School Principal: Not publicly listed in recent sources
School Phone number: 041 464 2241
Suburb: Govan Mbeki Township, Gqeberha"
Cedarberg,Primary,SCH-00110,110,Booysen Park,-33.862788,25.46711079,"https://www.google.com/maps?q=-33.862787649758445,25.46711079365035","https://www.google.com/maps?q=-33.862787649758445,25.46711079365035","School Address: Cedarberg Close, Booysen Park, Port Elizabeth, 6059
School Email: Not publicly listed
School Principal: Not publicly listed
School Phone number: 061 466 1132 / +27 41 456 4221
Suburb: Booysen Park"
Charles Duna,Primary,SCH-00281,281,New Brighton,-33.895661,25.59254770,"https://www.google.com/maps?q=-33.89566123178045,25.592547701661456","https://www.google.com/maps?q=-33.89566123178045,25.592547701661456","School Address: Msimka Street, New Brighton, Port Elizabeth, 6200
School Email: Not publicly listed (general contact via Eastern Cape Education Department)
School Principal: Sume Nm
School Phone number: 041 454 1397 / 041 464 4003
Suburb: New Brighton, Gqeberha (Port Elizabeth)"
Charlotte Educare,ECD,SCH-00329,329,,,,,,
Chubekile,High School,SCH-00036,36,Kwazakhele,-33.877926,25.57214225,"https://www.google.com/maps?q=-33.877925533346506,25.572142251321974","https://www.google.com/maps?q=-33.877925533346506,25.572142251321974","School Address: Tubali Street, Kwazakhele, Gqeberha, 6205
School Email: Not publicly listed
School Principal: M.T. Ntdla
School Phone number: 041 450 2729
Suburb: Kwazakhele"
Cillie,High School,SCH-00325,325,Sydenham,,,,,
Cingani,High School,SCH-00026,26,Motherwell,-33.821006,25.58854341,"https://www.google.com/maps?q=-33.82100558010914,25.58854340898934","https://www.google.com/maps?q=-33.82100558010914,25.58854340898934","School Address: 61 Kabonqaba Street, Swartkopsvalley, Gqeberha, 6211
School Email: Not publicly listed
School Principal: S Faku
School Phone number: 041 462 6056
Suburb: Swartkopsvalley"
Clarkson,Primary,SCH-00319,319,Clarkson,-34.010486,24.34785856,"https://www.google.com/maps?q=-34.010486417378,24.347858558901436","https://www.google.com/maps?q=-34.010486417378,24.347858558901436","School Address: Church Street, Clarkson, 6302
School Email: Not publicly listed
School Principal: Booysen Rca
School Phone number: +27 42 280 0023 or +27 42 280 6204
Suburb: Clarkson, Eastern Cape."
Coega,Primary,SCH-00190,190,Wells Estate,-33.820179,25.63557420,"https://www.google.com/maps?q=-33.82017871258245,25.63557419502069","https://www.google.com/maps?q=-33.82017871258245,25.63557419502069","School Address: Polska Street, Motherwell Ext, Motherwell, 6211
School Email: Not publicly listed
School Principal: Vuyisile Mbombela
School Phone number: 073 393 8425
Suburb: Motherwell, Gqeberha (Port Elizabeth)"
Colchester,Primary,SCH-00113,113,Colchester,,,,,
Colleen Glen,Primary,SCH-00111,111,Seaview,-33.970214,25.36963135,"https://www.google.com/maps?q=-33.97021392573423,25.36963135317452","https://www.google.com/maps?q=-33.97021392573423,25.36963135317452","School Address: 66 Dromedaris Road, Seaview, Gqeberha, 6018
School Email: 200100129@vodamail.co.za
School Principal: Makunga Nc
School Phone number: 041 372 2296
Suburb: Seaview"
Coselelani,High School,SCH-00001,1,Motherwell,-33.804930,25.57257724,"https://www.google.com/maps?q=-33.80492979897343,25.57257723782387","https://www.google.com/maps?q=-33.80492979897343,25.57257723782387","School Address: Ngqokweni Street, Motherwell, Gqeberha, 6211
School Email: hgihinalelesoc@gmail.com
School Principal: Not publicly listed
School Phone number: 041 205 0816
Suburb: Motherwell, Gqeberha"
Cowan,High School,SCH-00037,37,New Brighton,-33.903894,25.59309875,"https://www.google.com/maps?q=-33.903893794138995,25.593098753170832","https://www.google.com/maps?q=-33.903893794138995,25.593098753170832","School Address: 20 Madala Street, New Brighton, Gqeberha, 6200
School Email: Not publicly listed
School Principal: Trevor Dolley
School Phone number: 041 454 3325
Suburb: New Brighton"
Cuttee Babies Nursery,ECD,SCH-00232,232,Kwazakhele,-33.897187,25.60321669,"https://www.google.com/maps?q=-33.89718748030103,25.60321668705437","https://www.google.com/maps?q=-33.89718748030103,25.60321668705437","School Address: 1A 5th Avenue, Newton Park, Gqeberha, 6045, Eastern Cape
School Email: Not publicly listed
School Principal: Not publicly listed
School Phone number: Not publicly listed
Suburb: Newton Park

No official website or public directory lists the principal, email, or phone number for Cuttee Babies Nursery. The address is confirmed via Google Maps."
Dalrose,Primary,SCH-00196,196,Rosedale,-33.738101,25.37292219,"https://www.google.com/maps?q=-33.73810100044496,25.372922193169632","https://www.google.com/maps?q=-33.73810100044496,25.372922193169632","School Address: Pelican Street, Rosedale, Uitenhage, 6230
School Email: Not publicly listed
School Principal: Not publicly listed
School Phone number: 041 988 4545
Suburb: Rosedale, Uitenhage"
Dalubuhle,High School,SCH-00010,10,Alice,,,,,
Daniels,Primary,SCH-00098,98,Zwide,-33.866675,25.56901188,"https://www.google.com/maps?q=-33.86667473433699,25.56901187830917","https://www.google.com/maps?q=-33.86667473433699,25.56901187830917","School Address: Haya Street, Zwide, Gqeberha, 6200
School Email: yramirpsleinad@gmail.com
School Principal: Not publicly listed
School Phone number: 041 459 0181
Suburb: Zwide, Gqeberha"
David Vuku,Primary,SCH-00064,64,New Brighton,-33.894887,25.59907722,"https://www.google.com/maps?q=-33.894886696846164,25.599077222731083","https://www.google.com/maps?q=-33.894886696846164,25.599077222731083","School Address: Naude Street, New Brighton, Port Elizabeth, 6200
School Email: az.oc.liamadov@251001002
School Principal: Not publicly listed
School Phone number: 041 458 5025 / 073 870 7417
Suburb: New Brighton"
De Vos Malan,Primary,SCH-00114,114,Schauderville,-33.929302,25.56685108,"https://www.google.com/maps?q=-33.929302025365274,25.566851083854964","https://www.google.com/maps?q=-33.929302025365274,25.566851083854964","School Address: c/o Dinsmore Road and Lawler Street, Schauderville, Port Elizabeth, 6020
School Email: devosmalanprimary@gmail.com
School Principal: (Not listed on public sources; recent posts mention the passing of Mr Derrick Raubenheimer, possibly the previous principal)
School Phone number: +27 67 133 5909
Suburb: Schauderville"
Despatch,Primary,SCH-00132,132,Resevoir Hills,-33.816337,25.46301195,"https://www.google.com/maps?q=-33.8163365353468,25.463011951318403","https://www.google.com/maps?q=-33.8163365353468,25.463011951318403","School Address: Amperbo Street, Bothasrus, Despatch, 6220
School Email: Not publicly listed
School Principal: Colin Bartle
School Phone number: 041 933 5104
Suburb: Bothasrus, Despatch"
Dias,Primary,SCH-00189,189,Theescombe,,,,,
Die Heuwel,Primary,SCH-00153,153,Hillside,-33.899824,25.53224312,"https://www.google.com/maps?q=-33.89982399705243,25.532243122487795","https://www.google.com/maps?q=-33.89982399705243,25.532243122487795","School Address: Carelson Street, Hillside, Gqeberha, 6059
School Email: mjordaan@dieheuwelprimary.co.za
School Principal: (Not publicly listed in recent sources)
School Phone number: 041 450 7692 / 041 452 3313
Suburb: Hillside, Gqeberha"
Dietrich,Primary,SCH-00121,121,Schauderville,-33.936037,25.57731125,"https://www.google.com/maps?q=-33.936037448660194,25.577311253172695","https://www.google.com/maps?q=-33.936037448660194,25.577311253172695","School Address: Grundlingh Street, Schauderville, Gqeberha, 6020
School Email: dietrichps@gmail.com
School Principal: Chantel Milborrow
School Phone number: +27 41 453 3655
Suburb: Schauderville"
Dorcas Educare Centre,ECD,SCH-00239,239,Bethelsdorp,,,,,
Dorothy,ECD,SCH-00318,318,Kwazakhele,-33.886021,25.59799722,"https://www.google.com/maps?q=-33.88602111972884,25.597997219949217","https://www.google.com/maps?q=-33.88602111972884,25.597997219949217","School Address: 50306 Stofile Street, Kwa Zakhele, Gqeberha, 6205
School Email: Not publicly listed
School Principal: Nomnganga Pn (2023)
School Phone number: (+27) 63 133 6311
Suburb: Kwa Zakhele, Gqeberha"
Douglas Mbopa,High School,SCH-00002,2,Motherwell,-33.798380,25.60828648,"https://www.google.com/maps?q=-33.79838036013801,25.608286480152778","https://www.google.com/maps?q=-33.79838036013801,25.608286480152778","School Address: 1 Matanzima Street, NU 2, Motherwell, Gqeberha, 6211
School Email: 10apobmsalguod@gmail.com
School Principal: Mr N F Bottoman
School Phone number: 041 469 1135
Suburb: Motherwell"
Dr A W Habelgaarn,Primary,SCH-00191,191,Chatty,-33.866032,25.50363172,"https://www.google.com/maps?q=-33.86603228954331,25.503631720166496","https://www.google.com/maps?q=-33.86603228954331,25.503631720166496","School Address: Arkeldien Street, Chatty, Gqeberha, 6059
School Email: habelgaarnprimaryschool@gmail.com
School Principal: Mrs. Rochelle Botha
School Phone number: 041 481 2534 / 041 481 3425
Suburb: Chatty, Gqeberha"
Dumani,Primary,SCH-00280,280,Motherwell,-33.810768,25.60414135,"https://www.google.com/maps?q=-33.810768,25.60414135","https://www.google.com/maps?q=-33.810768,25.60414135","School Address: Khwalimanzi Street, Nu 3 Motherwell, Gqeberha, 6211
School Email: az.oc.liamadov@481001002
School Principal: Not publicly listed
School Phone number: 041 469 1191
Suburb: Motherwell, Gqeberha"
Early Rose,ECD,SCH-00230,230,,-33.797187,25.60007679,"https://www.google.com/maps?q=-33.797187,25.60007679","https://www.google.com/maps?q=-33.797187,25.60007679","'- School Address: No publicly listed street address found, but coordinates are -33.797187, 25.60007679 (per Google Maps link), which places it in the suburb of Motherwell, Gqeberha (Port Elizabeth), Eastern Cape.
- School Email: Not publicly available.
- School Principal: Not publicly available.
- School Phone number: Not publicly available.
- Suburb: Motherwell, Gqeberha (Port Elizabeth), Eastern Cape."
Ebongweni,Primary,SCH-00288,288,Kwazakhele,-33.886577,25.59307854,"https://www.google.com/maps?q=-33.88657731182538,25.593078539044985","https://www.google.com/maps?q=-33.88657731182538,25.593078539044985","School Address: 2 Madikane Street, Kwazakhele, Gqeberha, 6205
School Email: az.vog.vorpce.ude@781001002
School Principal: Not publicly listed
School Phone number: 041 466 0921 / 082 436 0792
Suburb: Kwazakhele"
Ekhaya,ECD,SCH-00282,282,New Brighton,,,,,
Elufefeni,Primary,SCH-00274,274,Motherwell,-33.815895,25.57832300,"https://www.google.com/maps?q=-33.815895,25.578323","https://www.google.com/maps?q=-33.815895,25.578323","School Address: 34 Mzwazwa Street, Motherwell, Gqeberha, 6211
School Email: yramirpinefefule@gmail.com
School Principal: Not publicly listed
School Phone number: 041 476 0217
Suburb: Motherwell"
Elukholweni,Primary,SCH-00108,108,Theescombe,,,,,
Elundini,Primary,SCH-00054,54,Motherwell,-33.800416,25.59449585,"https://www.google.com/maps?q=-33.800415905113304,25.594495854268374","https://www.google.com/maps?q=-33.800415905113304,25.594495854268374","School Address: 23 Bikana Street, Motherwell, 6211, Eastern Cape
School Email: Not publicly listed
School Principal: Not publicly listed
School Phone number: 041 489 0323
Suburb: Motherwell, Gqeberha (Port Elizabeth)"
Emafini,Primary,SCH-00073,73,KwaDwesi,,,,,
Emfundweni,Primary,SCH-00210,210,Zwide,-33.858890,25.55241160,"https://www.google.com/maps?q=-33.85889000634322,25.552411596136718","https://www.google.com/maps?q=-33.85889000634322,25.552411596136718","School Address: Qeto Location, Peddie, 5640
School Email: Not publicly listed
School Principal: Not publicly listed
School Phone number: 079 500 5830
Suburb: Peddie"
Emfundweni Pre-R Educare,ECD,SCH-00213,213,Zwide,,,,,
Emmanuel Day Care,ECD,SCH-00091,91,Kwazakhele,-33.882236,25.58708277,"https://www.google.com/maps?q=-33.88223647819642,25.587082772014572","https://www.google.com/maps?q=-33.88223647819642,25.587082772014572","School Address: Willowvale, Eastern Cape, P.O Box 328
School Email: Not publicly listed
School Principal: Lindelwa Tokozani Ntwasa
School Phone number: Not publicly listed
Suburb: Willowvale"
Empumalanga,Primary,SCH-00305,305,Motherwell,-33.802862,25.57756184,"https://www.google.com/maps?q=-33.80286155057907,25.57756184442606","https://www.google.com/maps?q=-33.80286155057907,25.57756184442606","School Address: Ntsanyana Street, Nu9, Motherwell, 6211
School Email: 200100203@vodamail.co.za
School Principal: Maqanda Nl (2023)
School Phone number: (+27) 41 462 0082
Suburb: Motherwell"
Emsengeni,Primary,SCH-00076,76,Soweto On Sea,-33.865656,25.56207521,"https://www.google.com/maps?q=-33.86565618061583,25.56207521160438","https://www.google.com/maps?q=-33.86565618061583,25.56207521160438","School Address: Naka Street, Zwide, Gqebera, 6201
School Email: lanyoka3@gmail.com / az.oc.liamadov@402001002
School Principal: Not publicly listed
School Phone number: 041 464 5780 / 041 464 5781 / 078 886 5335
Suburb: Zwide, Gqebera"
Emzomncane,Primary,SCH-00099,99,Zwide,-33.866267,25.57792042,"https://www.google.com/maps?q=-33.866267077235044,25.5779204204903","https://www.google.com/maps?q=-33.866267077235044,25.5779204204903","School Address: James Street, Zwide, Gqeberha, 6061
School Email: emzomncaneprimary@gmail.com
School Principal: (Not publicly listed in available sources)
School Phone number: 041 467 0184
Suburb: Zwide"
Enkulekweni,Primary,SCH-00075,75,Motherwell,-33.772173,25.57161513,"https://www.google.com/maps?q=-33.772173252599856,25.571615126175484","https://www.google.com/maps?q=-33.772173252599856,25.571615126175484","School Address: Ward 54, Nu 29, Motherwell, Port Elizabeth
School Email: Not publicly listed
School Principal: Not publicly listed
School Phone number: Not publicly listed
Suburb: Motherwell, Port Elizabeth, Eastern Cape"
Enkwenkwezini,Primary,SCH-00070,70,Motherwell,-33.800786,25.61273917,"https://www.google.com/maps?q=-33.800785765084896,25.612739166658976","https://www.google.com/maps?q=-33.800785765084896,25.612739166658976","School Address: Dyamala Location, Alice, 5700, Eastern Cape
School Email: enkwenkwezinisss@gmail.com
School Principal: Not publicly listed
School Phone number: +27 72 484 2313 / +27 47 564 1241
Suburb: Dyamala Location, Alice"
Enqileni,Primary,SCH-00097,97,Motherwell,-33.804634,25.60595884,"https://www.google.com/maps?q=-33.80463379329519,25.60595884336618","https://www.google.com/maps?q=-33.80463379329519,25.60595884336618","School Address: Phalo Street, N.U. 2, Motherwell, 6211
School Email: vuyiswaamam@yahoo.com
School Principal: Not publicly listed in recent sources
School Phone number: 041 469 2034
Suburb: Motherwell, Gqeberha (Port Elizabeth)"
Entokozweni EduCare,ECD,SCH-00247,247,,,,,,
Esitiyeni,Primary,SCH-00198,198,Zwide,-33.859314,25.56174444,"https://www.google.com/maps?q=-33.8593135221202,25.561744439198915","https://www.google.com/maps?q=-33.8593135221202,25.561744439198915","School Address: Cnr Katyu & Ndabambi Street, Zwide, Gqeberha (Port Elizabeth), 6201
School Email: Not publicly listed
School Principal: Not publicly listed
School Phone number: +27 41 464 2377 / +27 81 410 3096
Suburb: Zwide"
EZ Kabane,High School,SCH-00046,46,Kwa-Dwesi,-33.840035,,,,
Ezibeleni ,ECD,SCH-00231,231,,,,,,
Fernwood Park,Primary,SCH-00164,164,Hillside,-33.865372,25.51732061,"https://www.google.com/maps?q=-33.86537245649928,25.51732060851798","https://www.google.com/maps?q=-33.86537245649928,25.51732060851798","School Address: C/O Nicholson & Soudien Road, Fernwood Park Ext. 29, Gqeberha (Port Elizabeth), 6059
School Email: az.oc.liamadov@912001002
School Principal: Melisha Benjamin
School Phone number: 041 485 1559
Suburb: Fernwood Park, Gqeberha (Port Elizabeth)"
Fontein,Primary,SCH-00161,161,Galvandale,-33.912376,25.55539306,"https://www.google.com/maps?q=-33.91237570919772,25.555393064345097","https://www.google.com/maps?q=-33.91237570919772,25.555393064345097","School Address: Mcmanus Crescent, Gelvandale, Port Elizabeth, 6016
School Email: remlesmailliw@gmail.com
School Principal: Groenewald G (2023)
School Phone number: (+27) 41 452 1341
Suburb: Gelvandale, Port Elizabeth"
Frank Joubert,Primary,SCH-00180,180,Schauderville,-33.931611,25.57211218,"https://www.google.com/maps?q=-33.93161072420069,25.572112181533065","https://www.google.com/maps?q=-33.93161072420069,25.572112181533065","School Address: Highfield Road, Schauderville, Gqeberha, 6020
School Email: frank.joubert1943@gmail.com
School Principal: (Not publicly listed in recent sources)
School Phone number: +27 41 110 2478
Suburb: Schauderville"
Fumisukoma,Primary,SCH-00283,283,Motherwell,-33.802852,25.58195450,"https://www.google.com/maps?q=-33.802852,25.5819545","https://www.google.com/maps?q=-33.802852,25.5819545","School Address: Ngqokweni Street, NU 9, Motherwell, 6211
School Email: Not publicly listed (may use district/department email)
School Principal: Not publicly listed
School Phone number: 041 462 1204
Suburb: Motherwell, Gqeberha (Port Elizabeth)"
Funimfundo,Primary,SCH-00062,62,Zwide,-33.854207,25.55261465,"https://www.google.com/maps?q=-33.85420710598839,25.552614653167943","https://www.google.com/maps?q=-33.85420710598839,25.552614653167943","School Address: Koyana Street, Zwide, Gqeberha (Port Elizabeth), 6000
School Email: podnufminuf@gmail.com
School Principal: Duna Km
School Phone number: 041 459 5555 / 041 464 7777
Suburb: Zwide"
Future Angels ,ECD,SCH-00052,52,Motherwell,,,,,
Future Kids Educare,ECD,SCH-00225,225,Kwazakhele,-33.893066,25.59292460,"https://www.google.com/maps?q=-33.893066,25.5929246","https://www.google.com/maps?q=-33.893066,25.5929246","School Address: 28 Moduka Street, Port Elizabeth, Eastern Cape
School Email: Not publicly listed
School Principal: Lungisa Maneli
School Phone number: Not publicly listed
Suburb: Port Elizabeth"
Future Stars,ECD,SCH-00255,255,,-33.811756,25.60075933,"https://www.google.com/maps?q=-33.811756,25.60075933","https://www.google.com/maps?q=-33.811756,25.60075933","School Address: Not explicitly listed, but based on the Google Maps coordinates, it is in the suburb of Walmer, Gqeberha (Port Elizabeth), Eastern Cape.
School Email: contact@futurestarschool.com
School Principal: Not publicly listed.
School Phone number: Not publicly listed.
Suburb: Walmer, Gqeberha (Port Elizabeth)"
G J Louw,Primary,SCH-00155,155,Schauderville,-33.935996,25.57927837,"https://www.google.com/maps?q=-33.93599614343864,25.579278366666603","https://www.google.com/maps?q=-33.93599614343864,25.579278366666603","School Address: Grundling Street, Schauderville, Gqeberha (Port Elizabeth), 6020
School Email: g.j.louw@telkomsa.net
School Principal: Stevens Ba
School Phone number: +27 41 451 1539
Suburb: Schauderville"
Garrett,Primary,SCH-00088,88,Zwide,-33.866781,25.55838072,"https://www.google.com/maps?q=-33.86678061125113,25.55838072433332","https://www.google.com/maps?q=-33.86678061125113,25.55838072433332","School Address: Cnr Bertram And Johnson Road, Zwide, Gqeberha, 6205
School Email: garretprim@gmail.com / garrettprimary@gmail.com
School Principal: Mrs K.C Mdingi
School Phone number: 041 464 1198 / 041 463 1198
Suburb: Zwide"
Gelvan Park,Primary,SCH-00170,170,Gelvan Park,-33.919547,25.56233597,"https://www.google.com/maps?q=-33.91954698890374,25.562335966191586","https://www.google.com/maps?q=-33.91954698890374,25.562335966191586","School Address: Raphael Crescent, Gelvan Park, Port Elizabeth, 6016
School Email: Not publicly listed
School Principal: Not publicly listed
School Phone number: 041 452 2660
Suburb: Gelvan Park"
Gelvandale,Primary,SCH-00130,130,Galvandale,-33.915326,25.55693785,"https://www.google.com/maps?q=-33.915326293762064,25.556937851323944","https://www.google.com/maps?q=-33.915326293762064,25.556937851323944","School Address: Martin Street, Gelvandale, Gqeberha, 6020
School Email: gelvandalehigh@eject.co.za
School Principal: Not publicly listed in recent sources
School Phone number: 041-456 1632
Suburb: Gelvandale"
Gertrude Shope,Primary,SCH-00275,275,Zinyoka ,-33.859704,25.54130200,"https://www.google.com/maps?q=-33.859704,25.541302","https://www.google.com/maps?q=-33.859704,25.541302","School Address: Baart Street, Govan Mbeki Township, Gqeberha, 6001
School Email: epohsedurtreg@telkomsa.net
School Principal: Ngcape T
School Phone number: 041 464 2280
Suburb: Govan Mbeki Township, Gqeberha"
Good Hope,ECD,SCH-00287,287,New Brighton,-33.902598,25.60338327,"https://www.google.com/maps?q=-33.902598,25.60338327","https://www.google.com/maps?q=-33.902598,25.60338327","School Address: Nyanisweni Location, Cofimvaba, 5403
School Email: Not publicly listed
School Principal: Not publicly listed
School Phone number: 060 435 5989 / 073 359 8644
Suburb: Cofimvaba"
Govan Mbeki,ECD,SCH-00223,223,Bethelsdorp,-33.798819,25.58876210,"https://www.google.com/maps?q=-33.798819,25.5887621","https://www.google.com/maps?q=-33.798819,25.5887621","- School Address: 4 Glendale Ave, Fernglen, Gqeberha, Eastern Cape
- School Email: Not publicly listed
- School Principal: Not publicly listed
- School Phone number: 064 531 2249
- Suburb: Fernglen, Gqeberha"
Green Apple,ECD,SCH-00301,301,Kwazakhele,-33.867071,25.58793328,"https://www.google.com/maps?q=-33.86707115202112,25.58793327845681","https://www.google.com/maps?q=-33.86707115202112,25.58793327845681","School Address: 6807 Ngwendu Street, Kwazakhele, Port Elizabeth, 6205
School Email: greenapplecreche@gmail.com
School Principal: Not publicly listed
School Phone number: 073 869 2323
Suburb: Kwazakhele"
Greenville,Primary,SCH-00112,112,Chatty,-33.870826,25.50163708,"https://www.google.com/maps?q=-33.87082617881431,25.50163708015685","https://www.google.com/maps?q=-33.87082617881431,25.50163708015685","School Address: Etyeni A/A, Greenville Location, Bizana, 4800
School Email: Not publicly listed
School Principal: Mr. K Gamndana
School Phone number: 079 973 8719
Suburb: Bizana, Eastern Cape"
Helenvale,Primary,SCH-00145,145,Helenvale,-33.910843,25.55188882,"https://www.google.com/maps?q=-33.9108431517283,25.55188882064093","https://www.google.com/maps?q=-33.9108431517283,25.55188882064093","School Address: C/O Leith And Kobus Road, Gelvandale, Gqeberha, 6020
School Email: spelavneleh@gmail.com
School Principal: (Not publicly listed in available sources)
School Phone number: 041 452 1616
Suburb: Gelvandale"
Hillcrest,Primary,SCH-00166,166,Helenvale,-33.707917,25.54532815,"https://www.google.com/maps?q=-33.70791650168423,25.545328145437544","https://www.google.com/maps?q=-33.70791650168423,25.545328145437544","School Address: C/O Ethel & Chamois Street, Helenvale, Gqeberha (Port Elizabeth), 6020
School Email: hillcrestschool@telkomsa.net
School Principal: Not publicly listed
School Phone number: 041 452 2638
Suburb: Helenvale"
Hlokoma,High School,SCH-00044,44,East London,,,,,
Hlumelo,ECD,SCH-00258,258,,-33.808345,25.60379802,"https://www.google.com/maps?q=-33.808345,25.60379802","https://www.google.com/maps?q=-33.808345,25.60379802","'- School Address: Hlumelo, Eastern Cape (exact suburb not specified in the available government list, but matches the coordinates provided)
- School Email: Not listed in the public government directory
- School Principal: Not listed in the public government directory
- School Phone number: Not listed in the public government directory
- Suburb: Not specified in the public directory, but the coordinates place it near Motherwell, Gqeberha (Port Elizabeth)

Note: The official government directory for Eastern Cape schools lists Hlumelo but does not provide principal, email, or phone number details. For the most current contact information, contacting the Eastern Cape Department of Education or visiting the school in person may be necessary."
Holy Name Community,ECD,SCH-00261,261,Kwazakhele,-33.904184,25.59829863,"https://www.google.com/maps?q=-33.904184489353234,25.598298627540355","https://www.google.com/maps?q=-33.904184489353234,25.598298627540355","'- School Address: No publicly listed street address found, but Google Maps places it at the coordinates: -33.904184, 25.598299 (Easter Cape, South Africa)
- School Email: Not publicly listed
- School Principal: Not publicly listed
- School Phone number: Not publicly listed
- Suburb: Not explicitly listed, but the coordinates are in Gqeberha (Port Elizabeth), Eastern Cape

No official website or direct contact details for ""Holy Name Community"" in the Eastern Cape were found in public directories or government bulletins. The information may be available from the Eastern Cape Department of Education or local education directories, but it is not currently listed online in public sources."
Hombakazi,Primary,SCH-00184,184,KwaNobuhle,-33.820426,25.39174476,"https://www.google.com/maps?q=-33.82042561941802,25.391744764339418","https://www.google.com/maps?q=-33.82042561941802,25.391744764339418","School Address: Cnr Mahlahla & Majombozi Street, Kwanobuhle, Kariega, 6242
School Email: izakabmoh@telkomsa.net
School Principal: N.E. Sali
School Phone number: 041 977 6856
Suburb: Kwanobuhle, Kariega"
Ikamvalethu,ECD,SCH-00250,250,Kwazakhele,-33.798033,25.58107180,"https://www.google.com/maps?q=-33.798033,25.5810718","https://www.google.com/maps?q=-33.798033,25.5810718","School Address: Zone 27 Off Washington Street, Temba Nqose Street, Langa 7455
School Email: admin@ikamvalethu.wcape.school.za
School Principal: Samkelo Mabece
School Phone number: 021 694 9933
Suburb: Langa"
Ikhwezelihle,Primary,SCH-00095,95,Motherwell,-33.817415,25.58376170,"https://www.google.com/maps?q=-33.81741541345923,25.583761695495234","https://www.google.com/maps?q=-33.81741541345923,25.583761695495234","School Address: Nyara Street, NU 6, Gqeberha (Port Elizabeth), 6211
School Email: Not publicly listed; general contact via Eastern Cape Education Department
School Principal: Not publicly listed
School Phone number: 041 462 3273
Suburb: Motherwell, Gqeberha"
Ilinge,Primary,SCH-00175,175,KwaLanga,-33.743041,25.38749504,"https://www.google.com/maps?q=-33.743040809177266,25.387495037345733","https://www.google.com/maps?q=-33.743040809177266,25.387495037345733","School Address: Cnr 20th Avenue & Maduna Road, Kwa-Langa, Kariega (Uitenhage), 6230
School Email: ilingeprimaryschool@gmail.com
School Principal: Not publicly listed
School Phone number: 041 450 7541
Suburb: Kwa-Langa, Kariega (Uitenhage)"
Ilitha,Primary,SCH-00105,105,Kwazakhele,,,,,
Ilithalethu,ECD,SCH-00094,94,Motherwell,-33.781716,25.58129948,"https://www.google.com/maps?q=-33.7817163663,25.58129947814828","https://www.google.com/maps?q=-33.7817163663,25.58129947814828","'- School Address: Based on the Google Maps link, the coordinates (-33.7817163663, 25.58129947814828) place Ilithalethu in the Eastern Cape, near Motherwell, Gqeberha (Port Elizabeth).
- School Email: Not publicly listed in available sources.
- School Principal: Not publicly listed in available sources.
- School Phone number: Not publicly listed in available sources.
- Suburb: Motherwell, Gqeberha (Port Elizabeth)

Publicly available government and education directories do not list specific contact details for Ilithalethu school in the Eastern Cape."
Imbasa,Primary,SCH-00066,66,Motherwell,-33.772690,25.58732145,"https://www.google.com/maps?q=-33.77268979718923,25.58732144553482","https://www.google.com/maps?q=-33.77268979718923,25.58732144553482","School Address: 23463 Xhama Street, Nu 12 B Motherwell, Gqeberha, 6211
School Email: Not publicly listed
School Principal: Not publicly listed
School Phone number: 041 488 0024
Suburb: Motherwell, Gqeberha"
Inkqubela,Primary,SCH-00055,55,Kwazakhele,-33.877579,25.60279000,"https://www.google.com/maps?q=-33.87757949882382,25.602789998568316","https://www.google.com/maps?q=-33.87757949882382,25.602789998568316","School Address: Stofile Street, Kwazakhele, Gqeberha, 6205
School Email: AZ.OC.LIAMADOV@733001002
School Principal: Not publicly listed
School Phone number: +27 41 467 4484
Suburb: Kwazakhele"
Isaac Booi,Primary,SCH-00277,277,Zwide,-33.869901,25.56702346,"https://www.google.com/maps?q=-33.86990109981518,25.567023463076644","https://www.google.com/maps?q=-33.86990109981518,25.567023463076644","School Address: Ngqungwana Street, Zwide, Gqeberha (Port Elizabeth), 6201
School Email: iooiobcaasi@gmail.com
School Principal: S.P. Mtyobo
School Phone number: 041 464 3260
Suburb: Zwide"
Isilimela,High School,SCH-00008,8,Berlin,-33.945811,18.54018845,"https://www.google.com/maps?q=-33.94581126476353,18.540188445221464","https://www.google.com/maps?q=-33.94581126476353,18.540188445221464","School Address: Gomolo A/A, Port St Johns, 5120, Eastern Cape, South Africa
School Email: Not publicly listed
School Principal: Not publicly listed
School Phone number: 047 564 9620
Suburb: Port St Johns"
Isizwe Sethu,ECD,SCH-00265,265,,-33.797585,25.60199828,"https://www.google.com/maps?q=-33.797585,25.60199828","https://www.google.com/maps?q=-33.797585,25.60199828","'- School Address: Coordinates -33.797585, 25.60199828 (per Google Maps, this is in Motherwell, Gqeberha, Eastern Cape)
- School Email: Not publicly listed
- School Principal: Not publicly listed
- School Phone number: Not publicly listed
- Suburb: Motherwell, Gqeberha, Eastern Cape"
Ithembalethu,ECD,SCH-00268,268,New Brighton,,,,,
Ithembelihle,High School,SCH-00013,13,New Brighton,-33.902457,25.58552687,"https://www.google.com/maps?q=-33.90245668679504,25.585526866664686","https://www.google.com/maps?q=-33.90245668679504,25.585526866664686","School Address: Marwanqa Street, New Brighton, Gqeberha, 6200
School Email: elhilebmeti@telkomsa.net
School Principal: Not publicly listed in available sources
School Phone number: 041 454 1308
Suburb: New Brighton"
J K Zondi,Primary,SCH-00169,169,Kwazakhele,-33.877141,25.57278062,"https://www.google.com/maps?q=-33.877140564915294,25.57278062385935","https://www.google.com/maps?q=-33.877140564915294,25.57278062385935","School Address: 5008 Tubali Street, Kwazakhele, Port Elizabeth, 6205
School Email: moc.liamg@54eikron (may be a generic or placeholder email)
School Principal: Not publicly listed in recent sources
School Phone number: 041 464 7376
Suburb: Kwazakhele"
J N Tulwana,Primary,SCH-00194,194,KwaNobuhle,-33.808550,25.38245673,"https://www.google.com/maps?q=-33.80855030140856,25.38245673363234","https://www.google.com/maps?q=-33.80855030140856,25.38245673363234","School Address: 29 Mtirara Street, Kwanobuhle, Uitenhage, 6242
School Email: Not publicly listed
School Principal: Not publicly listed
School Phone number: +27 41 977 0097 / +27 47 553 0054
Suburb: Kwanobuhle, Uitenhage (now Kariega)"
James Jolobe,High School,SCH-00024,24,Motherwell,-33.813516,25.58926007,"https://www.google.com/maps?q=-33.81351586202761,25.58926006850705","https://www.google.com/maps?q=-33.81351586202761,25.58926006850705","School Address: 237 Nyara Street, NU 4a, Motherwell, 6211
School Email: az.oc.liamadov@743001002
School Principal: Not publicly listed
School Phone number: 041 476 0731 / 041 469 1077
Suburb: Motherwell, Port Elizabeth (Gqeberha)"
James Ndulula,Primary,SCH-00163,163,KwaLanga,-33.735137,25.39051803,"https://www.google.com/maps?q=-33.735136584059475,25.390518033652995","https://www.google.com/maps?q=-33.735136584059475,25.390518033652995","School Address: Pongolo Street, Langa Location, Kariega, 6241
School Email: aluludnsemaj@gmail.com
School Principal: Not publicly listed
School Phone number: 041 988 0051
Suburb: Langa Location, Kariega"
James Ntungwana,Primary,SCH-00116,116,KwaNobuhle,-33.803117,25.38084416,"https://www.google.com/maps?q=-33.80311709425297,25.380844164811776","https://www.google.com/maps?q=-33.80311709425297,25.380844164811776","School Address: Tyhulu Street, Kwanobuhle Township, Uitenhage, 6242
School Email: AZ.OC.LIAMTOH@EJMALOZ (may be a placeholder or encoded, as no direct school email is listed)
School Principal: Bloouw Zj (listed as contact person)
School Phone number: 041 977 1103
Suburb: Kariega (Kwanobuhle)"
Jarvis Gqamlana,Primary,SCH-00049,49,New Brighton,-33.903182,25.60289521,"https://www.google.com/maps?q=-33.903181597594866,25.60289520836473","https://www.google.com/maps?q=-33.903181597594866,25.60289520836473","School Address: Singaphi Street, New Brighton, Gqeberha (Port Elizabeth), 6200
School Email: az.oc.liambew@elemefasmud
School Principal: Not publicly listed in recent sources
School Phone number: 041 458 5024
Suburb: New Brighton"
Jeffrey's Bay,High School,SCH-00015,15,Jeffery's Bay,-34.050288,24.91195819,"https://www.google.com/maps?q=-34.05028841319953,24.91195819299756","https://www.google.com/maps?q=-34.05028841319953,24.91195819299756","School Address: St Francis Street, Jeffreys Bay, Eastern Cape
School Email: jbayschool@epweb.co.za
School Principal: Not publicly listed
School Phone number: 042 293 1343
Suburb: Jeffreys Bay"
Jesus Dominion,ECD,SCH-00310,310,Motherwell,,,,,
Joe Slovo,Primary,SCH-00131,131,KwaDwesi,-33.829716,25.50267762,"https://www.google.com/maps?q=-33.82971585116566,25.502677622483915","https://www.google.com/maps?q=-33.82971585116566,25.502677622483915","School Address: 185-205 Melumzi Street, Joe Slovo Township, Gqeberha 6004
School Email: normankupa@yahoo.com
School Principal: Not publicly listed
School Phone number: 041 485 7005
Suburb: Joe Slovo Township, Gqeberha"
John Masiza,Primary,SCH-00192,192,Walmer,,,,,
Jongilanga,ECD,SCH-00290,290,New Brighton,-33.892279,25.60689462,"https://www.google.com/maps?q=-33.892279,25.60689462","https://www.google.com/maps?q=-33.892279,25.60689462","School Address: Jongilanga Location, Kwelerha, East London, 5200
School Email: Not publicly listed
School Principal: Not publicly listed
School Phone number: 073 280 9545 / +27 79 203 1980
Suburb: Kwelerha, East London"
Jongingomso ECD,ECD,SCH-00267,267,Motherwell,-33.805937,25.60518046,"https://www.google.com/maps?q=-33.80593666819742,25.60518045818854","https://www.google.com/maps?q=-33.80593666819742,25.60518045818854","School Address: 335 Vinjiwe Crescent, Motherwell, Eastern Cape
School Email: Not publicly listed
School Principal: Tandiswa Hlalukana
School Phone number: Not publicly listed
Suburb: Motherwell"
Jubilee Park,Primary,SCH-00171,171,Gerald Smith,-33.754513,25.38044213,"https://www.google.com/maps?q=-33.75451300818391,25.38044212569802","https://www.google.com/maps?q=-33.75451300818391,25.38044212569802","School Address: 27 Makappa Street, Gerald Smith Township, Kariega (Uitenhage), 6241
School Email: Not publicly listed (only ""Eastern Cape ..."" found, no full email)
School Principal: Not publicly listed
School Phone number: 041 988 3131 or 067 926 7249
Suburb: Gerald Smith Township, Kariega (Uitenhage)"
Kama,Primary,SCH-00071,71,New Brighton,-33.903996,25.59887605,"https://www.google.com/maps?q=-33.90399612032088,25.59887605085005","https://www.google.com/maps?q=-33.90399612032088,25.59887605085005","School Address: Annshaw Location, Middledrift, 5685
School Email: Not publicly listed
School Principal: Kg Mtotywa
School Phone number: 040 657 3454
Suburb: Middledrift"
Kamvalethu Daycare,ECD,SCH-00214,214,Kwa-Dwesi,-33.826530,25.50873476,"https://www.google.com/maps?q=-33.826529702079064,25.50873476416316","https://www.google.com/maps?q=-33.826529702079064,25.50873476416316","- School Address: 7 Thandaswa Street, Despatch, Eastern Cape
- School Email: kamvalethudaycare@gmail.com
- School Principal: Nokuzola Mphalisa
- School Phone number: +27 84 428 3498
- Suburb: Despatch"
Kayser Ngxwana,Primary,SCH-00065,65,Kwazakhele,-33.876243,25.59342664,"https://www.google.com/maps?q=-33.87624287519675,25.593426637827807","https://www.google.com/maps?q=-33.87624287519675,25.593426637827807","School Address: Mavavana Street, Kwazakhele, Gqeberha, 6205
School Email: chumasandwani@gmail.com
School Principal: Tesana Mo
School Phone number: +27 41 205 0839
Suburb: Kwazakhele"
Khanyisa,Primary,SCH-00317,317,Mdantsane,,,,,
Khanyisa HS,High School,SCH-00047,47,Kwa-Dwesi,,,,,
Khazimla Pre-School,ECD,SCH-00208,208,Motherwell,-33.784356,25.56355004,"https://www.google.com/maps?q=-33.78435559694722,25.56355004395153","https://www.google.com/maps?q=-33.78435559694722,25.56355004395153","'- School Address: No publicly listed street address found, but location is at coordinates -33.78435559694722, 25.56355004395153 (as per Google Maps)
- School Email: Not publicly available
- School Principal: Not publicly available
- School Phone number: Not publicly available
- Suburb: Motherwell, Gqeberha (based on Google Maps coordinates)"
Khulile,Primary,SCH-00086,86,Motherwell,-33.810946,25.58231362,"https://www.google.com/maps?q=-33.81094561433684,25.58231362248281","https://www.google.com/maps?q=-33.81094561433684,25.58231362248281","School Address: Ndakana Street, Nu 7, Motherwell, 6211
School Email: az.oc.liamadov@yramirp.eliluhk
School Principal: Not publicly listed
School Phone number: 041 462 3120
Suburb: Motherwell, Gqeberha"
Khumbulani,High School,SCH-00005,5,Richmond Hill,-33.957430,25.61477420,"https://www.google.com/maps?q=-33.95743048071028,25.614774197350563","https://www.google.com/maps?q=-33.95743048071028,25.614774197350563","School Address: 17 Lutman Street, Centrahill, Central, Qeberha (Port Elizabeth), 6001
School Email: Not publicly listed
School Principal: Mrs Manyathi (recently retired; current principal not clearly listed)
School Phone number: 041 582 2430
Suburb: Centrahill, Central, Qeberha (Port Elizabeth)"
Khwezi Lomso,High School,SCH-00004,4,Zwide,-33.868159,25.55375010,"https://www.google.com/maps?q=-33.86815882968297,25.55375010308872","https://www.google.com/maps?q=-33.86815882968297,25.55375010308872","School Address: Johnson Road, Zwide, Gqeberha (Port Elizabeth), 6201
School Email: khwezilomso@telkomsa.net
School Principal: Not publicly listed in available sources
School Phone number: 041 464 1326 / +27 41 023 0280
Suburb: Zwide, Gqeberha (Port Elizabeth)"
Kideo Learning Centre,ECD,SCH-00222,222,Motherwell,-33.823376,25.58350758,"https://www.google.com/maps?q=-33.82337578572086,25.58350757931889","https://www.google.com/maps?q=-33.82337578572086,25.58350757931889","School Address: 1A Nile Road, Perridgevale, Port Elizabeth, Eastern Cape, 6001
School Email: Not publicly listed
School Principal: Lindiwe Ntenteni
School Phone number: Not publicly listed
Suburb: Perridgevale"
Kids College,ECD,SCH-00056,56,Motherwell,-33.776859,25.57055492,"https://www.google.com/maps?q=-33.77685901212574,25.57055492043574","https://www.google.com/maps?q=-33.77685901212574,25.57055492043574","'- School Address: No publicly listed address found for ""Kids College"" in Eastern Cape, but the Google Maps coordinates point to an area in Gqeberha (Port Elizabeth).
- School Email: Not publicly available.
- School Principal: Not publicly available.
- School Phone number: Not publicly available.
- Suburb: The coordinates are in the suburb of Walmer, Gqeberha (Port Elizabeth), Eastern Cape.

No official website or public directory entry for ""Kids College"" in the Eastern Cape was found in current online sources."
Kings and Quuens,ECD,SCH-00237,237,New Brighton,-33.865724,25.57466131,"https://www.google.com/maps?q=-33.865723583230995,25.574661305043687","https://www.google.com/maps?q=-33.865723583230995,25.574661305043687","School Address: 43 Burthurst Street, Makhanda, Eastern Cape
School Email: Not publicly listed
School Principal: Julia Nungi
School Phone number: Not publicly listed
Suburb: Makhanda

Source: https://www.school-register.co.za/school/kings-and-queens-2/"
KK Ncwana,Primary,SCH-00089,89,Kwazakhele,-33.880010,25.57602828,"https://www.google.com/maps?q=-33.88000954461438,25.57602828015732","https://www.google.com/maps?q=-33.88000954461438,25.57602828015732","School Address: Gaika Street, Kwazakhele, Port Elizabeth (Gqeberha), 6205
School Email: 463001002@vodamail.co.za
School Principal: Ms. E Hlobo
School Phone number: 041 464 6264
Suburb: Kwazakhele"
Kleinskool,Primary,SCH-00137,137,Saltville,-33.857259,25.51656528,"https://www.google.com/maps?q=-33.85725925435003,25.516565278308704","https://www.google.com/maps?q=-33.85725925435003,25.516565278308704","School Address: C/O Kleinskool & Soudien Rd, Saltville, Gqeberha, 6058
School Email: Not publicly listed
School Principal: Not publicly listed (Deputy Principal: Buyiswa Kaya)
School Phone number: 041 485 6020
Suburb: Saltville, Gqeberha"
Koester,ECD,SCH-00106,106,Motherwell,-33.815336,25.58711732,"https://www.google.com/maps?q=-33.81533579830646,25.587117317512114","https://www.google.com/maps?q=-33.81533579830646,25.587117317512114","School Address: 60 Mgwenyana Street, Port Elizabeth, Eastern Cape
School Email: Not publicly listed
School Principal: Thandeka Yoyo
School Phone number: Not publicly listed
Suburb: Port Elizabeth"
Kokkewiet,ECD,SCH-00292,292,Oysterbay,,,,,
Kroneberg,Primary,SCH-00077,77,Bethelsdorp,-33.865135,25.49408062,"https://www.google.com/maps?q=-33.865134973246356,25.49408062433332","https://www.google.com/maps?q=-33.865134973246356,25.49408062433332","School Address: Kroneberg Drive, Extension 21, Chatty, Qeberha, 6059
School Email: Not publicly listed
School Principal: Not publicly listed
School Phone number: 041 481 8710
Suburb: Chatty, Qeberha"
Kruisrivier,Primary,SCH-00186,186,Kruisriver,-33.765362,25.34922857,"https://www.google.com/maps?q=-33.76536241967626,25.34922856618221","https://www.google.com/maps?q=-33.76536241967626,25.34922856618221","School Address: 117 Kruisrivier Road, Kruisriver, Uitenhage, 6230
School Email: spreivirsiurk@gmail.com
School Principal: Muller Lr (2023)
School Phone number: (+27) 41 991 1947
Suburb: Uitenhage Farms"
Kuyga,Primary,SCH-00183,183,Kuyga,-33.923017,25.44427145,"https://www.google.com/maps?q=-33.92301743074197,25.444271452697272","https://www.google.com/maps?q=-33.92301743074197,25.444271452697272","School Address: Erf 651 Nkanjeni Drive, Kuyga Township, Port Elizabeth, 6390
School Email: jnyvrem@evil.co.za (decoded from az.oc.evil@jnyvrem)
School Principal: Not publicly listed in recent sources
School Phone number: +27 41 476 0704
Suburb: Kuyga Township, Port Elizabeth"
Kwakhanya,ECD,SCH-00240,240,New Brighton,,,,,
Kwakhanya Daycare,ECD,SCH-00209,209,Motherwell,,,,,
KwaMagxaki,High School,SCH-00023,23,Kwa-Magxaki,-33.848020,25.54222395,"https://www.google.com/maps?q=-33.84801992644832,25.542223953167625","https://www.google.com/maps?q=-33.84801992644832,25.542223953167625","School Address: 2 Ralo Road, KwaMagxaki, Gqeberha, 6201
School Email: kwamagxakiss@gmail.com
School Principal: Mr M Kalashe
School Phone number: 041 463 3966
Suburb: KwaMagxaki."
KwaNoXolo,Primary,SCH-00082,82,KwaNoxolo,-33.857541,25.48796558,"https://www.google.com/maps?q=-33.857541169778905,25.487965582003472","https://www.google.com/maps?q=-33.857541169778905,25.487965582003472","School Address: 2681 Lingelihle Street, Kwanoxolo, Gqeberha, 6059
School Email: 387loohcsyramirp.oloxonawk@gmail.com
School Principal: Not publicly listed
School Phone number: 067 622 0909
Suburb: Kwanoxolo, Gqeberha"
Kwazakhele,High School,SCH-00028,28,Kwazakhele,-33.883520,25.57578934,"https://www.google.com/maps?q=-33.88351981060781,25.57578933967558","https://www.google.com/maps?q=-33.88351981060781,25.57578933967558","School Address: Jakavula Street, Kwa Zakhele, Gqeberha, 6205
School Email: Not publicly listed (general: Eastern Cape Education)
School Principal: Not publicly listed
School Phone number: 041 464 7429
Suburb: Kwa Zakhele"
Lamani,Primary,SCH-00067,67,New Brighton,-33.893829,25.59003491,"https://www.google.com/maps?q=-33.893829,25.59003491","https://www.google.com/maps?q=-33.893829,25.59003491","School Address: Maselana Street, New Brighton, Gqeberha, 6200
School Email: agnolodz@gmail.com
School Principal: Not publicly listed
School Phone number: 041 454 1357
Suburb: New Brighton"
Lavela Pre-School,ECD,SCH-00215,215,Kwa-Dwesi,,,,,
Libhongo Lwethu,ECD,SCH-00061,61,Zwide,-33.817753,25.58517385,"https://www.google.com/maps?q=-33.817752707466994,25.585173853805117","https://www.google.com/maps?q=-33.817752707466994,25.585173853805117","- School Address: No publicly listed street address found, but coordinates place it in Motherwell, Gqeberha, Eastern Cape.
- School Email: Not publicly available.
- School Principal: Not publicly available.
- School Phone number: Not publicly available.
- Suburb: Motherwell, Gqeberha, Eastern Cape."
lihlombe Educare,ECD,SCH-00207,207,Zwide,-33.876113,25.56777245,"https://www.google.com/maps?q=-33.876112569529624,25.56777244881056","https://www.google.com/maps?q=-33.876112569529624,25.56777244881056","School Address: 24 Mpehla Street, Eastern Cape
School Email: Not publicly listed
School Principal: Linda Ngwendu
School Phone number: Not publicly listed
Suburb: Not specified, but based on the coordinates, it is in Motherwell, Gqeberha (Port Elizabeth)"
Likhaya Daycare,ECD,SCH-00216,216,Soweto On Sea,-33.861104,25.57001441,"https://www.google.com/maps?q=-33.86110447356961,25.57001440644629","https://www.google.com/maps?q=-33.86110447356961,25.57001440644629","School Address: Not explicitly listed, but located in a city in the Eastern Cape (see Google Maps coordinates)
School Email: Not publicly listed
School Principal: Not publicly listed
School Phone number: Not publicly listed
Suburb: Not explicitly listed, but the coordinates place it in or near Port Elizabeth/Gqeberha

The only public listing found confirms the existence of ""Likhaya Day Care Centre"" as a registered daycare/aftercare facility in a city in the Eastern Cape, but no direct contact details or principal name are provided in the available public records."
Linge Tots,ECD,SCH-00244,244,New Brighton,-33.870429,25.58653796,"https://www.google.com/maps?q=-33.87042893406667,25.58653795619738","https://www.google.com/maps?q=-33.87042893406667,25.58653795619738","School Address: Mtshiselwa Street, Kwazakele, Eastern Cape
School Email: Not publicly listed
School Principal: Fezeka Gawula
School Phone number: 082 511 7904
Suburb: Kwazakele"
Lingelethu,Primary,SCH-00322,322,Buizedenhoutville,-32.691737,26.30642032,"https://www.google.com/maps?q=-32.69173724467355,26.306420324922748","https://www.google.com/maps?q=-32.69173724467355,26.306420324922748","School Address: Adelaide, Eastern Cape (based on Google Maps and Facebook listing)
School Email: Not publicly listed
School Principal: Not publicly listed
School Phone number: +27 63 843 0563
Suburb: Adelaide"
Lithemba,ECD,SCH-00309,309,Kwazakhele,-33.870954,25.58511004,"https://www.google.com/maps?q=-33.87095351349572,25.585110036828645","https://www.google.com/maps?q=-33.87095351349572,25.585110036828645","School Address: No specific street address found, but located in Eastern Cape (see suburb below)
School Email: admin@lithembaacademyschools.co.za
School Principal: Not publicly listed
School Phone number: 063 007 8597 / 072 064 3182
Suburb: Motherwell, Gqeberha (based on Google Maps coordinates)

Sources:
- https://www.lithembaacademyschools.co.za/
- https://www.facebook.com/100091649477847/photos/lithemba-academy-registered-independent-schoolemis-number-5005070110333482756-i-/804551965943112/"
Little Angels Unite,ECD,SCH-00254,254,Kwazakhele,,,,,
Little Flower,Primary,SCH-00187,187,Mosel,-33.750837,25.40018209,"https://www.google.com/maps?q=-33.75083718176702,25.400182093170432","https://www.google.com/maps?q=-33.75083718176702,25.400182093170432","School Address: Main Road to Kokstad, Qumbu Village, Qumbu, 5180, Eastern Cape
School Email: Not publicly listed
School Principal: Ll Kondlo
School Phone number: 078 581 7419
Suburb: Qumbu"
Little Flowers ,ECD,SCH-00328,328,Motherwell,,,,,
Little Ships,ECD,SCH-00226,226,,-33.891912,25.60715675,"https://www.google.com/maps?q=-33.891912,25.60715675","https://www.google.com/maps?q=-33.891912,25.60715675","- School Address: No publicly listed address found, but coordinates place it in Humewood, Port Elizabeth, Eastern Cape.
- School Email: Not publicly available.
- School Principal: Not publicly available.
- School Phone number: Not publicly available.
- Suburb: Humewood, Port Elizabeth, Eastern Cape

No official website or government listing with contact details for ""Little Ships"" in the Eastern Cape was found in public sources. The Google Maps link places it in Humewood, Port Elizabeth."
Living Ubuntu,ECD,SCH-00316,316,Umzamowethu,-34.165628,24.66436600,"https://www.google.com/maps?q=-34.165628,24.664366","https://www.google.com/maps?q=-34.165628,24.664366","- School Address: No publicly listed address found, but coordinates place it near Humansdorp, Eastern Cape.
- School Email: Not publicly available.
- School Principal: Not publicly available.
- School Phone number: Not publicly available.
- Suburb: Near Humansdorp, Eastern Cape.

No official or government listing for ""Living Ubuntu"" school in the Eastern Cape was found in public records or education department databases."
Livuse,ECD,SCH-00079,79,Motherwell,-33.797813,25.61568401,"https://www.google.com/maps?q=-33.79781278343788,25.615684011568295","https://www.google.com/maps?q=-33.79781278343788,25.615684011568295","'- School Address: No specific street address found, but location is at coordinates -33.79781278343788, 25.615684011568295 (as per Google Maps link)
- School Email: Not publicly listed
- School Principal: Not publicly listed
- School Phone number: Not publicly listed
- Suburb: Not explicitly listed, but coordinates place it near Motherwell, Gqeberha (Port Elizabeth), Eastern Cape

No official website or direct contact details for Livuse School were found in public sources."
Lovemore Park,Primary,SCH-00176,176,Lovemore Park,-34.013873,25.51990144,"https://www.google.com/maps?q=-34.013872689660005,25.519901437362172","https://www.google.com/maps?q=-34.013872689660005,25.519901437362172","School Address: Sardinia Bay Road, Lovemore Park, Gqeberha, 6011
School Email: adnamuknadnaya@yahoo.com
School Principal: Not publicly listed
School Phone number: 041 366 1551
Suburb: Lovemore Park"
Loyiso,High School,SCH-00042,42,Zwide,-33.870509,25.56410352,"https://www.google.com/maps?q=-33.87050854890195,25.56410351843085","https://www.google.com/maps?q=-33.87050854890195,25.56410351843085","School Address: Cnr Javu & Spondo Street, Zwide, Gqeberha, 6201
School Email: apoh.amalul@yahoo.com
School Principal: Not publicly listed
School Phone number: +27 41 459 5043
Suburb: Zwide, Gqeberha"
Lukhanyiselo,ECD,SCH-00241,241,,-33.903268,25.58865101,"https://www.google.com/maps?q=-33.903268,25.58865101","https://www.google.com/maps?q=-33.903268,25.58865101","School Address: Khanyiso Loc, Lukhanyiso Str, Pearston 5860, Eastern Cape
School Email: sposiynahkul@gmail.com
School Principal: Mtayisi X (2023)
School Phone number: 042 246 1621
Suburb: Khanyiso Location"
Lukhanyiso,ECD,SCH-00229,229,,,,,,
Lukhanyiso Educare,ECD,SCH-00271,271,New Brighton,-33.861050,25.54001122,"https://www.google.com/maps?q=-33.86105011790571,25.5400112238584","https://www.google.com/maps?q=-33.86105011790571,25.5400112238584","School Address: A174, City of Cape Town, Western Cape
School Email: Not publicly listed
School Principal: Nonzuzo Mzinyathi
School Phone number: Not publicly listed
Suburb: City of Cape Town"
Lukhanyiso Pre School,ECD,SCH-00220,220,Motherwell,,,,,
Lukhanyo,ECD,SCH-00063,63,Kwazakhele,-33.878220,25.59050672,"https://www.google.com/maps?q=-33.87822037098309,25.590506724885252","https://www.google.com/maps?q=-33.87822037098309,25.590506724885252","School Address: 54136 Kunene Street, Amalinda, East London, 5252, Eastern Cape, South Africa
School Email: Not publicly listed
School Principal: Not publicly listed
School Phone number: +27 74 405 9135
Suburb: Amalinda, East London"
Lungisa,High School,SCH-00022,22,Kwa-Dwesi,-33.844498,25.51518252,"https://www.google.com/maps?q=-33.844497888776345,25.51518252433201","https://www.google.com/maps?q=-33.844497888776345,25.51518252433201","School Address: Qumza Street, Kwadwesi, Gqeberha, 6201
School Email: noxolopshiki@gmail.com
School Principal: (Not publicly listed in available sources)
School Phone number: 041 485 1598
Suburb: Kwadwesi, Gqeberha"
Lungiso,High School,SCH-00045,45,Humansdorp,,,,,
Luv Birds Day care,ECD,SCH-00253,253,,,,,,
Machiu,Primary,SCH-00179,179,Salt Lake,-33.889987,25.52665514,"https://www.google.com/maps?q=-33.88998711214483,25.526655139200766","https://www.google.com/maps?q=-33.88998711214483,25.526655139200766","School Address: 10 Kivetts Street, Salt Lake, Gqeberha, 6059
School Email: machiu@telkomsa.net
School Principal: Not publicly listed
School Phone number: 041 481 6844
Suburb: Salt Lake, Gqeberha"
Magqabi,Primary,SCH-00129,129,KwaNobuhle,-33.824059,25.39385785,"https://www.google.com/maps?q=-33.82405867473399,25.393857851318838","https://www.google.com/maps?q=-33.82405867473399,25.393857851318838","School Address: Cnr Mondile & Ponana Tini Str, Kwanobuhle, Kariega, 6230
School Email: Not publicly listed
School Principal: Mtyingizane Sd
School Phone number: 0799547083
Suburb: Kwanobuhle, Kariega"
Malabar,Primary,SCH-00181,181,Malabar,-33.923769,25.54232072,"https://www.google.com/maps?q=-33.923768529430504,25.542320723862222","https://www.google.com/maps?q=-33.923768529430504,25.542320723862222","School Address: Selago Crescent, Malabar, Gqeberha (Port Elizabeth), 6020
School Email: malabarps@mweb.co.za
School Principal: Patula La Reservee (as of December 2022)
School Phone number: 041 457 1305
Suburb: Malabar"
Malikhanye Day Care,ECD,SCH-00228,228,,-33.801811,25.58439876,"https://www.google.com/maps?q=-33.801811,25.58439876","https://www.google.com/maps?q=-33.801811,25.58439876","School Address: Witzenberg, Cape Winelands District Municipality, Eastern Cape
School Email: Not publicly listed
School Principal: Ellennor Human
School Phone number: 230041440
Suburb: Witzenberg"
Masakhane,Primary,SCH-00138,138,Kwazakhele,-33.874109,25.57717802,"https://www.google.com/maps?q=-33.8741085412824,25.577178022486272","https://www.google.com/maps?q=-33.8741085412824,25.577178022486272","School Address: Moyakhe Street, Kwazakhele, Port Elizabeth, 6205
School Email: Not publicly listed (Eastern Cape Education Department contact may be used)
School Principal: Not publicly listed
School Phone number: 041 467 1495 / 041 988 9071
Suburb: Kwazakhele, Port Elizabeth"
Masibambane,High School,SCH-00043,43,Kwazakhele,-33.868488,25.58680271,"https://www.google.com/maps?q=-33.86848824799416,25.586802710839503","https://www.google.com/maps?q=-33.86848824799416,25.586802710839503","School Address: Tshawuka Street, Mbilana Crescent, Kwazakhele, 6205, Eastern Cape
School Email: Not publicly listed
School Principal: Not publicly listed
School Phone number: 041 467 4483
Suburb: Kwazakhele, Port Elizabeth"
Masiphathisane,High School,SCH-00018,18,Motherwell,-33.796288,25.60202358,"https://www.google.com/maps?q=-33.796287928897115,25.60202357858626","https://www.google.com/maps?q=-33.796287928897115,25.60202357858626","School Address: 71 Ndlovu Street, N.U. 1, Motherwell, 6211
School Email: masiphathisane@gmail.com
School Principal: Maarman Ml
School Phone number: 041 469 1992
Suburb: Motherwell, Gqeberha"
Mboniselo,Primary,SCH-00101,101,Motherwell,-33.794105,25.60015771,"https://www.google.com/maps?q=-33.79410480296289,25.60015770898795","https://www.google.com/maps?q=-33.79410480296289,25.60015770898795","School Address: 39 Ndlovu Street, Motherwell, Gqeberha, 6211
School Email: az.vog.vorpce.ude@205001002
School Principal: Not publicly listed
School Phone number: 041 469 1712
Suburb: Motherwell"
Mdengentonga,Primary,SCH-00119,119,Motherwell,-33.811679,25.57574208,"https://www.google.com/maps?q=-33.811679288041724,25.575742082001014","https://www.google.com/maps?q=-33.811679288041724,25.575742082001014","School Address: 147 Kaulela Street, N.U 7 Motherwell, Gqeberha, 6211
School Email: 200100504@vodamail.co.za
School Principal: M.F Matshaya
School Phone number: 041 462 0426 / 064 531 2249
Suburb: Motherwell"
Melisizwe,Primary,SCH-00060,60,Motherwell,-33.790333,25.59184573,"https://www.google.com/maps?q=-33.790332751085955,25.591845726814704","https://www.google.com/maps?q=-33.790332751085955,25.591845726814704","School Address: 21 Masbhanka Street, N.U.10, Motherwell, 6211, Eastern Cape
School Email: Not publicly listed
School Principal: Not publicly listed
School Phone number: 041 465 5564 / 047 531 0390
Suburb: Motherwell, Gqeberha"
Melumzi,Primary,SCH-00148,148,KwaNobuhle,-33.826330,25.40384573,"https://www.google.com/maps?q=-33.82632954384306,25.403845725702336","https://www.google.com/maps?q=-33.82632954384306,25.403845725702336","School Address: 26a Jonas Street, Kwanobuhle, Kariega, 6242
School Email: Not publicly listed
School Principal: Not publicly listed
School Phone number: 041 450 7105
Suburb: Kwanobuhle, Kariega"
Mfesane,High School,SCH-00017,17,Motherwell,-33.777149,25.58798611,"https://www.google.com/maps?q=-33.77714860880096,25.587986112681797","https://www.google.com/maps?q=-33.77714860880096,25.587986112681797","School Address: 74 Inqu Street, Motherwell Nu-12, Gqeberha, 6211
School Email: sssenasefm@gmail.com
School Principal: Not publicly listed in available sources
School Phone number: 041 465 0697
Suburb: Motherwell, Gqeberha"
Minnie Day Care,ECD,SCH-00048,48,Motherwell,-33.804675,25.58112840,"https://www.google.com/maps?q=-33.804675,25.5811284","https://www.google.com/maps?q=-33.804675,25.5811284","'- School Address: No publicly listed address found, but coordinates place it in Bethelsdorp, Gqeberha (Port Elizabeth), Eastern Cape.
- School Email: Not publicly available.
- School Principal: Not publicly available.
- School Phone number: Not publicly available.
- Suburb: Bethelsdorp, Gqeberha (Port Elizabeth), Eastern Cape

No official website or government listing with direct contact details for Minnie Day Care was found. The information is based on the Google Maps location provided."
Missionvale,Primary,SCH-00117,117,Missionvale,-33.888794,25.55549708,"https://www.google.com/maps?q=-33.888794036250005,25.55549708015783","https://www.google.com/maps?q=-33.888794036250005,25.55549708015783","School Address: Colorado Avenue, Missionvale, Gqeberha, 6001
School Email: Not publicly listed
School Principal: Not publicly listed
School Phone number: 041 452 2323
Suburb: Missionvale, Gqeberha"
Mjuleni,Primary,SCH-00177,177,KwaNobuhle,-33.812569,25.37582300,"https://www.google.com/maps?q=-33.81256923220451,25.375822995020258","https://www.google.com/maps?q=-33.81256923220451,25.375822995020258","School Address: 03 Likhonda Street, Kariega, 6230
School Email: Not publicly listed
School Principal: Not publicly listed
School Phone number: 041 977 1206
Suburb: Kariega"
Mngcunube,Primary,SCH-00152,152,KwaNobuhle,-33.798171,25.39147278,"https://www.google.com/maps?q=-33.79817130670961,25.391472781524847","https://www.google.com/maps?q=-33.79817130670961,25.391472781524847","School Address: Hintsa Street, Kwanobuhle T/Ship, Kariega (Uitenhage), 6242
School Email: moc.liamg@loohcs.yramirp.ebunucgnm (mungcunube.primary.school@gmail.com)
School Principal: V.F. Gaike
School Phone number: 041 977 0547 / 041 977 4004
Suburb: Kwanobuhle, Kariega (Uitenhage)"
Mnqophiso,Primary,SCH-00168,168,KwaNobuhle,-33.873033,25.56922562,"https://www.google.com/maps?q=-33.87303280791997,25.569225622012958","https://www.google.com/maps?q=-33.87303280791997,25.569225622012958","School Address: Mbobela Street, Zwide, Gqeberha, 6205
School Email: moc.oohay@19kcidleinad
School Principal: Not publicly listed
School Phone number: 041 459 0420
Suburb: Zwide"
Molefe,Primary,SCH-00284,284,New Brighton,-33.906869,25.59147571,"https://www.google.com/maps?q=-33.906869,25.59147571","https://www.google.com/maps?q=-33.906869,25.59147571","School Address: 208 Connacher Street, New Brighton, Port Elizabeth (Gqeberha), 6200
School Email: molefesp.school@gamil.com
School Principal: Mahleza N
School Phone number: 041 454 5205
Suburb: New Brighton"
Moses Mabhida,High School,SCH-00041,41,Kirkwood,-32.963987,,,,
Motherwell,High School,SCH-00025,25,Motherwell,-33.815262,25.57488437,"https://www.google.com/maps?q=-33.81526159530772,25.574884368507202","https://www.google.com/maps?q=-33.81526159530772,25.574884368507202","School Address: Mzwazwa Street, Nu 7, Motherwell, 6211
School Email: hgihllewrehtom@gmail.com
School Principal: Mr Sonkwala
School Phone number: 041 462 8171
Suburb: Motherwell, Gqeberha"
Mqhayi,Primary,SCH-00140,140,KwaNobuhle,-32.937128,27.72922137,"https://www.google.com/maps?q=-32.93712786766852,27.729221367702234","https://www.google.com/maps?q=-32.93712786766852,27.729221367702234","School Address: 9 Jabavu Road, Kwanobuhle, Kariega, 6242
School Email: 90iyahqm@gmail.com
School Principal: Not publicly listed
School Phone number: 041 977 3939
Suburb: Kwanobuhle, Kariega"
Msobomvu Full Service,Primary,SCH-00323,323,Bongweni,-32.739899,25.79655624,"https://www.google.com/maps?q=-32.73989898,25.79655624","https://www.google.com/maps?q=-32.73989898,25.79655624","School Address: 136 Khala Street, Bongweni Location, Cookhouse, 5820
School Email: spuvmobosm@gmail.com
School Principal: Ziya-Gxoyiya T
School Phone number: Not publicly listed
Suburb: Bhongweni, Cookhouse"
Msobomvu Preschool,ECD,SCH-00297,297,Bongweni,-32.745732,25.79667515,"https://www.google.com/maps?q=-32.7457315820498,25.796675154926096","https://www.google.com/maps?q=-32.7457315820498,25.796675154926096","School Address: 136 Khala Street, Bongweni Location, Cookhouse, 5820
School Email: spuvmobosm@gmail.com
School Principal: Ziya-Gxoyiya T
School Phone number: Not publicly listed
Suburb: Bhongweni, Cookhouse"
Mthonjeni,Primary,SCH-00158,158,KwaNobuhle,-33.802910,25.38784437,"https://www.google.com/maps?q=-33.802910348210084,25.387844368506492","https://www.google.com/maps?q=-33.802910348210084,25.387844368506492","School Address: Runletts Location, Peddie, 5640, Eastern Cape
School Email: Not publicly listed
School Principal: Not publicly listed
School Phone number: +27 83 683 1118, +27 47 553 0044
Suburb: Runletts Location, Peddie"
Mzamomhle Edu-care,ECD,SCH-00294,294,Bethelsdorp,-32.739804,25.79875313,"https://www.google.com/maps?q=-32.73980434430372,25.798753127420422","https://www.google.com/maps?q=-32.73980434430372,25.798753127420422","School Address: Not explicitly listed, but located at the coordinates -32.73980434430372, 25.798753127420422 (Eastern Cape)
School Email: Not publicly listed
School Principal: Thembakazi Mqwayi
School Phone number: Not publicly listed
Suburb: Not explicitly listed, but based on the coordinates, it is near Hofmeyr, Eastern Cape

For more details, you may need to contact the Eastern Cape Department of Education or visit the school in person."
Mzimhlophe,Primary,SCH-00096,96,Zwide,-33.857689,25.55707017,"https://www.google.com/maps?q=-33.8576889837666,25.557070166187824","https://www.google.com/maps?q=-33.8576889837666,25.557070166187824","School Address: Qogi Street, Zwide, Gqeberha (Port Elizabeth), 6201
School Email: ehpolhmizm@webmail.co.za
School Principal: Msutwana M
School Phone number: 041 464 1930
Suburb: Zwide"
Mzingisi,Primary,SCH-00312,312,Mdantsane,,,,,
Mzomtsha,Primary,SCH-00157,157,Kwazakhele,,,,,
Mzontsundu,High School,SCH-00029,29,Kwazakhele,,,,,
Ncedo,High School,SCH-00039,39,Motherwell,-33.788632,25.58968988,"https://www.google.com/maps?q=-33.78863200648807,25.589689881524286","https://www.google.com/maps?q=-33.78863200648807,25.589689881524286","School Address: 169 Mnenga Street, Nu 10, Motherwell, 6211, Eastern Cape
School Email: ssodecn@gmail.com
School Principal: Pityana-Keswa To (2023)
School Phone number: +27 41 465 5007
Suburb: Motherwell 6"
Nceduluntu Edu-care,ECD,SCH-00293,293,Buizedenhoutville,-32.681651,26.29227641,"https://www.google.com/maps?q=-32.68165081501924,26.29227641022517","https://www.google.com/maps?q=-32.68165081501924,26.29227641022517","- School Address: Banzi Administrative Area, Komkhulu Location, Eastern Cape
- School Email: Not publicly listed
- School Principal: Not publicly listed
- School Phone number: Not publicly listed
- Suburb: Komkhulu Location, near Whittlesea, Eastern Cape"
Ndyebo,High School,SCH-00027,27,Motherwell,-33.808306,25.58100072,"https://www.google.com/maps?q=-33.808306022373955,25.58100072433005","https://www.google.com/maps?q=-33.808306022373955,25.58100072433005","School Address: Nkobongo Street, Nu 9 Motherwell, Gqeberha, 6211
School Email: Not publicly listed
School Principal: Not publicly listed
School Phone number: 060 300 6871
Suburb: Motherwell, Gqeberha"
Ndzondelelo,High School,SCH-00031,31,Zwide,-33.862197,25.55607487,"https://www.google.com/maps?q=-33.86219726996942,25.556074872404213","https://www.google.com/maps?q=-33.86219726996942,25.556074872404213","School Address: Koyana Street, Zwide, Gqeberha, 6201
School Email: az.oc.liamadov@855001002
School Principal: Not publicly listed
School Phone number: 041 464 1106
Suburb: Zwide"
Nelisa,ECD,SCH-00243,243,Motherwell,-33.800678,25.57951692,"https://www.google.com/maps?q=-33.800678,25.57951692","https://www.google.com/maps?q=-33.800678,25.57951692","- School Address: Not found in public sources
- School Email: Not found in public sources
- School Principal: Not found in public sources
- School Phone number: Not found in public sources
- Suburb: Not found in public sources

No publicly available information was found for Nelisa School in the Eastern Cape using the provided details."
New Brighton Future Kids,ECD,SCH-00233,233,,-33.905964,25.59275929,"https://www.google.com/maps?q=-33.905964,25.59275929","https://www.google.com/maps?q=-33.905964,25.59275929","'- School Address: No publicly listed street address found, but coordinates place it in New Brighton, Gqeberha (Port Elizabeth), Eastern Cape.
- School Email: Not publicly available.
- School Principal: Not publicly available.
- School Phone number: Not publicly available.
- Suburb: New Brighton, Gqeberha (Port Elizabeth), Eastern Cape."
Newell,High School,SCH-00016,16,New Brighton,-33.898808,,,,
Njongozabantu,ECD,SCH-00081,81,Motherwell,-33.797261,25.60559210,"https://www.google.com/maps?q=-33.797261,25.6055921","https://www.google.com/maps?q=-33.797261,25.6055921","School Address: Mxhalanga Location, Izele, Mxhalanga, 5600
School Email: Not publicly listed
School Principal: Not publicly listed
School Phone number: 083 331 1674 / 084 773 4624
Suburb: King William's Town (now known as Qonce)"
Nkuthalo,Primary,SCH-00074,74,Zwide,-33.877910,25.56494425,"https://www.google.com/maps?q=-33.877910496556275,25.564944252694595","https://www.google.com/maps?q=-33.877910496556275,25.564944252694595","School Address: Mahakana Street, Zwide Township, Gqeberha, 6205
School Email: Not publicly listed
School Principal: Not publicly listed
School Phone number: 073 995 2577
Suburb: Zwide, Gqeberha"
Nobandla,ECD,SCH-00320,320,New Brighton,-33.893886,25.59293301,"https://www.google.com/maps?q=-33.893886,25.59293301","https://www.google.com/maps?q=-33.893886,25.59293301","School Address: Boomplas Location, Machubeni Admin Area, Lady Frere, 5410
School Email: Not publicly listed
School Principal: Nothemba Ncipha (for Nobandla ECDC, which may be the same or related to the primary school)
School Phone number: 073 125 3151
Suburb: Lady Frere"
Nokwezi,Primary,SCH-00195,195,KwaNobuhle,-33.828756,25.37621881,"https://www.google.com/maps?q=-33.82875592330766,25.376218810361873","https://www.google.com/maps?q=-33.82875592330766,25.376218810361873","School Address: 10th Avenue, Kwanobuhle, Kariega, 6242
School Email: okom.cirtaP@gmail.com (reverse of ""Patric.mok@Gmail.com"" as listed)
School Principal: Not publicly listed
School Phone number: 041 977 0150
Suburb: Kwanobuhle, Kariega"
Nolundi,ECD,SCH-00224,224,New Brighton,-33.894761,25.58983908,"https://www.google.com/maps?q=-33.894761,25.58983908","https://www.google.com/maps?q=-33.894761,25.58983908","School Address: Near coordinates -33.894761, 25.58983908, Eastern Cape (exact street address not listed publicly)
School Email: Not publicly listed
School Principal: Nolundi Vokwana
School Phone number: Not publicly listed
Suburb: Not explicitly listed, but location is near KwaNobuhle/Uitenhage, Eastern Cape"
Noluthando,ECD,SCH-00321,321,New Brighton,-33.872573,25.57191100,"https://www.google.com/maps?q=-33.872573,25.571911","https://www.google.com/maps?q=-33.872573,25.571911","School Address: Mtsheko A/A, Cacadu, 5410, Eastern Cape
School Email: info@noluthandops.co.za
School Principal: A.A. Ncinane
School Phone number: 084 400 7341
Suburb: Cacadu"
Nomathamsanqa,Primary,SCH-00167,167,Resevoir Hills,-33.821454,25.45486125,"https://www.google.com/maps?q=-33.82145388172952,25.454861248998878","https://www.google.com/maps?q=-33.82145388172952,25.454861248998878","School Address: 1 Tobile Busakwe, Khayamnadi, Despatch, 6220
School Email: nomathamsanqaprimary@gmail.com
School Principal: Not publicly listed
School Phone number: +27 41 933 2446
Suburb: Khayamnadi, Despatch"
Nomonde,ECD,SCH-00238,238,New Brighton,-33.898924,25.59167732,"https://www.google.com/maps?q=-33.898924,25.59167732","https://www.google.com/maps?q=-33.898924,25.59167732","School Address: No 574 Hayiya Street, Molteno, 5500
School Email: ozeqnm@gmail.com
School Principal: Lubisi Mb
School Phone number: +27 87 655 6766
Suburb: Nomonde Township, Molteno"
Nomtha,ECD,SCH-00308,308,Kwazakhele,,,,,
Noninzi Luzipho,Primary,SCH-00193,193,KwaNobuhle,-33.808967,25.36532896,"https://www.google.com/maps?q=-33.808967338566596,25.365328964338794","https://www.google.com/maps?q=-33.808967338566596,25.365328964338794","School Address: 17 Helen Joseph, Kwanobuhle, Uitenhage (Kariega), 6242
School Email: noninziluziphoschool@gmail.com
School Principal: Not publicly listed in recent sources
School Phone number: 041 978 0215 / +27 47 874 0716
Suburb: Kwanobuhle, Kariega (Uitenhage)"
Nonkqubela,ECD,SCH-00315,315,Motherwell,-33.813010,25.58137617,"https://www.google.com/maps?q=-33.813009862966666,25.58137616729963","https://www.google.com/maps?q=-33.813009862966666,25.58137616729963","School Address: Cabazana A/A, Mount Ayliff, 4735
School Email: az.oc.liambew@canaldeqm
School Principal: Cita (Contact Person)
School Phone number: +27 76 829 2002
Suburb: Mount Ayliff"
Nontsapho,ECD,SCH-00252,252,Motherwell,-33.804926,25.60950307,"https://www.google.com/maps?q=-33.804926,25.60950307","https://www.google.com/maps?q=-33.804926,25.60950307","- School Address: Near coordinates -33.804926, 25.60950307, Eastern Cape, South Africa
- School Email: Not publicly listed
- School Principal: Not publicly listed
- School Phone number: Not publicly listed
- Suburb: Not explicitly listed, but based on coordinates, it is near KwaNobuhle, Uitenhage, Eastern Cape

No direct public listings for principal, email, or phone number were found for Nontsapho School."
Nontsikelelo,ECD,SCH-00300,300,Mdantsane,,,,,
Nosandla Educare,ECD,SCH-00206,206,Zinyoka ,-33.858149,25.53613634,"https://www.google.com/maps?q=-33.858148768407794,25.536136341975947","https://www.google.com/maps?q=-33.858148768407794,25.536136341975947","I could not find specific public information for Nosandla Educare such as the principal, school email, or phone number. However, based on the Google Maps link, here is what can be provided:

- School Address: Near -33.8581488, 25.5361363, Eastern Cape, South Africa
- School Email: Not publicly available
- School Principal: Not publicly available
- School Phone number: Not publicly available
- Suburb: Not explicitly listed, but coordinates are in the Eastern Cape region

No further details are available from public sources at this time."
Nosipho,Primary,SCH-00162,162,KwaNobuhle,-33.822789,25.40052412,"https://www.google.com/maps?q=-33.82278852409641,25.400524123856027","https://www.google.com/maps?q=-33.82278852409641,25.400524123856027","School Address: Makappa Street, Kwanobuhle, Kariega, 6230
School Email: yramirpohpison@gmail.com
School Principal: Not publicly listed
School Phone number: 041 978 0750
Suburb: Kwanobuhle, Kariega"
Ntlemeza,Primary,SCH-00172,172,KwaNobuhle,-33.802569,25.40192344,"https://www.google.com/maps?q=-33.80256926241739,25.401923435503267","https://www.google.com/maps?q=-33.80256926241739,25.401923435503267","School Address: 02 Anta Street, Kwa-Nobuhle, Kariega, 6242
School Email: Not publicly listed
School Principal: Not publicly listed
School Phone number: 083 347 6286 / 041 977 1014
Suburb: Kwa-Nobuhle, Kariega"
Ntyatyambo,Primary,SCH-00083,83,Missionvale,-33.871688,25.55607330,"https://www.google.com/maps?q=-33.871687922610555,25.55607330094124","https://www.google.com/maps?q=-33.871687922610555,25.55607330094124","School Address: Sir George Grey Street, Zwide, Gqeberha, 6205
School Email: Not publicly listed
School Principal: Not publicly listed
School Phone number: 041 464 1920
Suburb: Zwide, Gqeberha"
Nxanelwimfundo,Primary,SCH-00059,59,Motherwell,,,,,
P.G Mangqana Pre-School,ECD,SCH-00260,260,,,,,,
P.G Manqana,ECD,SCH-00270,270,Kwazakhele,,,,,
Papenkuil,Primary,SCH-00185,185,Galvandale,-33.920859,25.55307562,"https://www.google.com/maps?q=-33.92085852426192,25.553075622015886","https://www.google.com/maps?q=-33.92085852426192,25.553075622015886","School Address: Cnr Bell & Beetlestone Roads, Gelvandale, Port Elizabeth, 6016
School Email: Not publicly listed
School Principal: Not publicly listed
School Phone number: 041 457 2024
Suburb: Gelvandale"
Paulos Oyigcwele,ECD,SCH-00296,296,Motherwell,-33.808992,25.59967265,"https://www.google.com/maps?q=-33.80899235007284,25.599672647660306","https://www.google.com/maps?q=-33.80899235007284,25.599672647660306","'- School Address: No publicly listed street address found, but location is at coordinates -33.80899235007284, 25.599672647660306 (per Google Maps)
- School Email: Not publicly available
- School Principal: Not publicly available
- School Phone number: Not publicly available
- Suburb: The coordinates place the school in or near Motherwell, Gqeberha (Port Elizabeth), Eastern Cape

No official school website or government listing with contact details was found in public search results."
Pendla,Primary,SCH-00078,78,New Brighton,-33.900606,25.58775072,"https://www.google.com/maps?q=-33.900606398277866,25.58775072433527","https://www.google.com/maps?q=-33.900606398277866,25.58775072433527","School Address: Ntshekisa Road, New Brighton, Gqeberha, 6200
School Email: Not publicly listed
School Principal: P M Peter
School Phone number: 041 454 1392
Suburb: New Brighton"
Phakama,Primary,SCH-00104,104,Kwazakhele,-33.865499,25.58162366,"https://www.google.com/maps?q=-33.86549856180082,25.58162365501606","https://www.google.com/maps?q=-33.86549856180082,25.58162365501606","School Address: Ngqondela Street, Kwazakhele, Gqeberha, 6205
School Email: Not publicly listed (general contact: moc.liamg@skosem)
School Principal: Not publicly listed
School Phone number: 041 467 0020
Suburb: Kwazakhele"
Phakamile,Primary,SCH-00285,285,Mdantsane,-33.821083,25.38644927,"https://www.google.com/maps?q=-33.82108279416098,25.386449267877442","https://www.google.com/maps?q=-33.82108279416098,25.386449267877442","School Address: Site 3104, NU 1, Mdantsane, 5219, Eastern Cape
School Email: spjelimakahp@gmail.com
School Principal: Pumlomo Glj
School Phone number: 063 568 5960
Suburb: Mdantsane"
Phakamisa,High School,SCH-00032,32,Zwide,-33.857783,25.56218855,"https://www.google.com/maps?q=-33.85778258800996,25.562188551320826","https://www.google.com/maps?q=-33.85778258800996,25.562188551320826","School Address: Katyu Street, Zwide, Gqeberha (Port Elizabeth), 6201
School Email: Not publicly listed
School Principal: Not publicly listed
School Phone number: 041 464 3435
Suburb: Zwide"
Phindubuye,Primary,SCH-00201,201,KwaNobuhle,-33.819592,25.39819963,"https://www.google.com/maps?q=-33.81959193215531,25.398199627515535","https://www.google.com/maps?q=-33.81959193215531,25.398199627515535","School Address: 1 Freemantle Street, Kwa-Nobuhle, Kariega, 6242
School Email: Not publicly listed
School Principal: Not publicly listed
School Phone number: 041 977 1992
Suburb: Kwa-Nobuhle, Kariega"
Qaphelani,High School,SCH-00003,3,Kwazakhele,-33.881620,25.58561627,"https://www.google.com/maps?q=-33.881619868547794,25.585616268510798","https://www.google.com/maps?q=-33.881619868547794,25.585616268510798","School Address: Kulati Street, Kwazakhele, Gqeberha, 6205
School Email: hgihinalehpaq@gmail.com
School Principal: Not publicly listed
School Phone number: 041 459 5015
Suburb: Kwazakhele"
Qaqawuli Godolozi,ECD,SCH-00302,302,Zwide,-33.813846,25.60996804,"https://www.google.com/maps?q=-33.81384551919858,25.609968044538864","https://www.google.com/maps?q=-33.81384551919858,25.609968044538864","School Address: No official street address found, but located at coordinates -33.8138455, 25.6099680 (per Google Maps link)
School Email: Not publicly listed; for official matters, use the Eastern Cape Department of Education: amos.fetsha@ecdoe.gov.za or customer care 086 063 8636
School Principal: Not publicly listed
School Phone number: Not publicly listed; Eastern Cape Department of Education: 040 608 4100
Suburb: Amathole West District, Eastern Cape

Note: Qaqawuli Godolozi Junior Primary School is listed under Amathole West District in the official Eastern Cape Department of Education records, but specific contact details and the principal’s name are not published in the latest available public documents."
Qhamani Pre-school,ECD,SCH-00212,212,Zwide,-33.876655,25.56320893,"https://www.google.com/maps?q=-33.876654516707596,25.56320892531386","https://www.google.com/maps?q=-33.876654516707596,25.56320892531386","School Address: Booi Street, Port Elizabeth, Eastern Cape
School Email: Not publicly listed
School Principal: Bulelwa Wendy Gebengana
School Phone number: Not publicly listed
Suburb: Nelson Mandela Bay (Port Elizabeth)"
Qhayiyalethu,High School,SCH-00020,20,Kareedouw,,,,,
R H Godlo Senior,Primary,SCH-00202,202,KwaNobuhle,-33.803239,25.37862111,"https://www.google.com/maps?q=-33.803238885398194,25.378621106668096","https://www.google.com/maps?q=-33.803238885398194,25.378621106668096","School Address: Relu Street, Kwanobuhle, Kariega (Uitenhage), 6242
School Email: Not publicly listed (general contact via Eastern Cape Education Department)
School Principal: Not publicly listed
School Phone number: 041 977 3800 / +27 41 481 5025
Suburb: Kwanobuhle, Kariega (Uitenhage)"
Republic,Primary,SCH-00118,118,Windvogel,-33.897826,25.54006751,"https://www.google.com/maps?q=-33.89782592011218,25.540067510366082","https://www.google.com/maps?q=-33.89782592011218,25.540067510366082","School Address: 5th Street, Windvogel, Port Elizabeth, 6059
School Email: ten.asmoklet@smada.krc (reverse this to get correct email: crk.adams@telkom.net)
School Principal: Daniels P (2023)
School Phone number: (+27) 41 452 2861
Suburb: Windvogel, Port Elizabeth"
Rock of Ages,ECD,SCH-00227,227,Motherwell,-33.804092,25.57437781,"https://www.google.com/maps?q=-33.804092,25.57437781","https://www.google.com/maps?q=-33.804092,25.57437781","'- School Address: No publicly listed address found, but coordinates place it in Gqeberha (Port Elizabeth), Eastern Cape.
- School Email: Not publicly available.
- School Principal: Not publicly available.
- School Phone number: Not publicly available.
- Suburb: Gqeberha (Port Elizabeth), Eastern Cape.

No official website or directory listing for ""Rock of Ages"" school in the Eastern Cape was found in public sources."
Rocklands,High School,SCH-00006,6,Uitenhage,-34.057497,18.60897891,"https://www.google.com/maps?q=-34.057497378805095,18.608978912697435","https://www.google.com/maps?q=-34.057497378805095,18.608978912697435","- School Address: Cnr Cedars Ave & Eisleben Road, Rocklands, Mitchell's Plain, 7798
- School Email: Not publicly listed
- School Principal: N Pelston
- School Phone number: 021 392 7139
- Suburb: Rocklands, Mitchell's Plain"
Rufane Donkin,Primary,SCH-00197,197,Galvandale,-33.915095,25.54695635,"https://www.google.com/maps?q=-33.9150950620373,25.546956350850742","https://www.google.com/maps?q=-33.9150950620373,25.546956350850742","School Address: 4 Terblanchè Street, Gelvandale, Gqeberha, 6020
School Email: 766niknodenafur@gmail.com
School Principal: Ms. Theron (recently retired; current principal not clearly listed)
School Phone number: 041 457 2297
Suburb: Gelvandale"
Sakha Abantwana,ECD,SCH-00100,100,New Brighton,-33.907152,25.58977497,"https://www.google.com/maps?q=-33.907152,25.58977497","https://www.google.com/maps?q=-33.907152,25.58977497","School Address: Coordinates -33.907152, 25.58977497 (per Google Maps; specific street address not found)
School Email: Not publicly listed
School Principal: Not publicly listed
School Phone number: Not publicly listed
Suburb: Based on coordinates, likely in or near Motherwell, Gqeberha (Port Elizabeth), Eastern Cape

No official website or public directory entry with more details was found for Sakha Abantwana school."
Sakhisizwe,High School,SCH-00014,14,Zwide,-33.878487,25.56440500,"https://www.google.com/maps?q=-33.878487456346924,25.56440499734612","https://www.google.com/maps?q=-33.878487456346924,25.56440499734612","School Address: Mingo Street, Zwide Location, Port Elizabeth, 6005
School Email: roinesewzisihkas@gmail.com
School Principal: Not publicly listed in available sources
School Phone number: 041 464 5627 / 047 878 0080
Suburb: Zwide, Port Elizabeth"
Sakhuxolo Educare,ECD,SCH-00263,263,Bethelsdorp,-33.860370,25.54099066,"https://www.google.com/maps?q=-33.860369970994,25.54099066434193","https://www.google.com/maps?q=-33.860369970994,25.54099066434193","'- School Address: No publicly listed street address found, but coordinates place it in Motherwell, Gqeberha (Port Elizabeth), Eastern Cape.
- School Email: Not publicly available.
- School Principal: Not publicly available.
- School Phone number: Not publicly available.
- Suburb: Motherwell, Gqeberha (Port Elizabeth), Eastern Cape."
Samkelewe,High School,SCH-00033,33,Addo,,,,,
Samuel Nongogo ,Primary,SCH-00085,85,New Brighton,-33.895776,25.59904334,"https://www.google.com/maps?q=-33.89577609199437,25.599043335981495","https://www.google.com/maps?q=-33.89577609199437,25.599043335981495","School Address: Harmans Street, New Brighton, Gqeberha, 6200
School Email: 576001002@vodamail.co.za
School Principal: Not publicly listed
School Phone number: 041 458 5011 / 041 457 1821
Suburb: New Brighton"
Sanctor,Primary,SCH-00154,154,Sanctor,-33.882622,25.50694695,"https://www.google.com/maps?q=-33.88262240835983,25.50694695132211","https://www.google.com/maps?q=-33.88262240835983,25.50694695132211","School Address: Coleus Crescent, Sanctor, Gqeberha, 6059
School Email: sanctorhighschool@gmail.com
School Principal: Buck KVB
School Phone number: 041 481 2657
Suburb: Sanctor, Gqeberha"
Sandwater,Primary,SCH-00306,306,Umzamowethu,-34.166199,24.66398100,"https://www.google.com/maps?q=-34.166199,24.663981","https://www.google.com/maps?q=-34.166199,24.663981","School Address: 620 Oester Street, Umzamowethu, Oyster Bay, 6320, Eastern Cape
School Email: Not publicly listed
School Principal: Ej Augustus
School Phone number: Not publicly listed
Suburb: Umzamowethu, Oyster Bay"
Sapphire,Primary,SCH-00051,51,Chatty,-33.853048,25.47163391,"https://www.google.com/maps?q=-33.85304795419496,25.47163391205432","https://www.google.com/maps?q=-33.85304795419496,25.47163391205432","School Address: C/O Sapphire & Coral Road, Booysen Park, Port Elizabeth, 6059
School Email: daorerihppas@telkomsa.net
School Principal: (Not publicly listed in available sources)
School Phone number: 041 483 1878
Suburb: Booysen Park"
Seagull,Primary,SCH-00133,133,Rosedale,-33.733035,25.38555108,"https://www.google.com/maps?q=-33.73303541192428,25.38555108014914","https://www.google.com/maps?q=-33.73303541192428,25.38555108014914","School Address: Seagull Crescent, Rosedale, Kariega (Uitenhage), 6229
School Email: Not officially listed; one source lists ""moc.oohay@ehcnalbreteneitte"" (likely a placeholder or reversed text)
School Principal: Ettiene Terblanche
School Phone number: 041 988 4517
Suburb: Rosedale, Kariega (Uitenhage)"
Sekunjalo PreSchool,ECD,SCH-00272,272,New Brighton,,,,,
Seyisi,Primary,SCH-00279,279,Kwazakhele,-33.886369,25.60077071,"https://www.google.com/maps?q=-33.886368761616716,25.600770711478294","https://www.google.com/maps?q=-33.886368761616716,25.600770711478294","School Address: Vakaza Street, Kwazakhele, Gqeberha (Port Elizabeth), 6200
School Email: Not publicly listed (general contact via Eastern Cape Education Department)
School Principal: M.B. Mannie
School Phone number: 041 467 4499
Suburb: Kwazakhele"
Sifunimfundo,ECD,SCH-00314,314,Motherwell,-33.797608,25.57737631,"https://www.google.com/maps?q=-33.79760787722665,25.577376314762574","https://www.google.com/maps?q=-33.79760787722665,25.577376314762574","School Address: 1027 C Block, Kwamashu, Durban, 4360
School Email: Not publicly listed for the Eastern Cape location
School Principal: Not publicly listed
School Phone number: 031 519 2002
Suburb: Kwamashu

Note: Most available public records list Sifunimfundo Primary School in Kwamashu, Durban (KwaZulu-Natal), not the Eastern Cape. The Google Maps link provided points to a location in Gqeberha (Eastern Cape), but there is no matching public record for a Sifunimfundo school at that address in the Eastern Cape."
Sikhothina,Primary,SCH-00125,125,KwaNobuhle,-33.824406,25.38685542,"https://www.google.com/maps?q=-33.82440636611018,25.386855424330957","https://www.google.com/maps?q=-33.82440636611018,25.386855424330957","School Address: Cnr. Mbengo & Ponana Tini Road, Kwanobuhle, Kariega, 6242
School Email: Not publicly listed
School Principal: Not publicly listed
School Phone number: 076 467 5470 / 041 977 1514
Suburb: Kwanobuhle, Kariega"
Sikhulise Pre-School,ECD,SCH-00205,205,Kwazakhele,-33.886990,25.60284458,"https://www.google.com/maps?q=-33.88699010517925,25.602844575246717","https://www.google.com/maps?q=-33.88699010517925,25.602844575246717","School Address: 10740 Mnyanda Street, Ntabankulu, Eastern Cape
School Email: Not publicly listed
School Principal: Nyameka Ntlamba
School Phone number: Not publicly listed
Suburb: Ntabankulu"
Simanye,ECD,SCH-00234,234,,-33.896175,25.58977076,"https://www.google.com/maps?q=-33.896175,25.58977076","https://www.google.com/maps?q=-33.896175,25.58977076","School Address: Hlati Street, Nomzamo, 7140, Eastern Cape
School Email: mcmatshoba@gmail.com
School Principal: Mr. MC Matshoba
School Phone number: 021 845 4280
Suburb: Nomzamo"
Sinethemba,ECD,SCH-00291,291,Motherwell,-33.801531,25.59155759,"https://www.google.com/maps?q=-33.80153065048994,25.59155758868933","https://www.google.com/maps?q=-33.80153065048994,25.59155758868933","School Address: Mlungisi Location, Stutterheim, 4930
School Email: twk377002002@gmail.com
School Principal: Md Sakube
School Phone number: 043 681 0397
Suburb: Mlungisi, Stutterheim"
Sipho Hashe,Primary,SCH-00147,147,Kwazakhele,-33.872819,25.58565983,"https://www.google.com/maps?q=-33.872819400279354,25.58565982820476","https://www.google.com/maps?q=-33.872819400279354,25.58565982820476","School Address: Mbilini Road, Kwazakhele, Gqeberha, 6205
School Email: az.oc.liamadov@105001002
School Principal: Malusi Ne
School Phone number: +27 81 815 4222
Suburb: Kwazakhele"
Sisonke,ECD,SCH-00313,313,New Brighton,-33.886378,25.60775940,"https://www.google.com/maps?q=-33.88637770968649,25.607759402455912","https://www.google.com/maps?q=-33.88637770968649,25.607759402455912","School Address: Nxukhwebe Street, Kwa Nobuhle, Kariega, 6242
School Email: Not publicly listed
School Principal: Not publicly listed
School Phone number: 041 977 7358
Suburb: Kwa Nobuhle, Kariega"
Sithembile,Primary,SCH-00139,139,Zwide,-29.735573,30.92281586,"https://www.google.com/maps?q=-29.7355725888522,30.922815864103423","https://www.google.com/maps?q=-29.7355725888522,30.922815864103423","School Address: Booi Street, Zwide, Port Elizabeth, 6005
School Email: az.oc.liamadov@407001002
School Principal: Shupi M.D (Acting, 2023)
School Phone number: (+27) 41 464 3311
Suburb: Zwide, Gqeberha (Port Elizabeth)"
Sivuyiseni,Primary,SCH-00204,204,KwaMagxaki,-33.840070,25.53088207,"https://www.google.com/maps?q=-33.84006986877782,25.530882065454854","https://www.google.com/maps?q=-33.84006986877782,25.530882065454854","School Address: Ngundwana Street, Kwa-Magxaki, Port Elizabeth, 6001
School Email: info@sivuyiseniprimary.co.za
School Principal: (Not publicly listed in search results)
School Phone number: 061 024 5853 / 041 463 1124
Suburb: Kwa-Magxaki, Gqeberha (Port Elizabeth)"
Siyabulela ,ECD,SCH-00092,92,Motherwell,-33.807099,25.59429308,"https://www.google.com/maps?q=-33.80709897604242,25.594293076287823","https://www.google.com/maps?q=-33.80709897604242,25.594293076287823","School Address: Ngcisininde A/A Ndiki Location, Nqamakwe, 4990, Eastern Cape Province, South Africa
School Email: siyabulelasss@gmail.com
School Principal: Mr. Nomatyenge Siphiwo
School Phone number: 071 597 2377
Suburb: Ndiki Location, Nqamakwe"
Siyaphambili,Primary,SCH-00069,69,Motherwell,-33.802282,25.61393552,"https://www.google.com/maps?q=-33.802281568264256,25.613935522482386","https://www.google.com/maps?q=-33.802281568264256,25.613935522482386","School Address: 116 Matanzima Street, Motherwell, Gqeberha, 6211
School Email: lhcsssjilibmapayis@gmail.com
School Principal: Gcinumzi Robert Nqweni
School Phone number: 041 469 1085 / 041 469 1126
Suburb: Motherwell"
Siyazama,ECD,SCH-00295,295,Wittekleibos,-34.072749,24.49660800,"https://www.google.com/maps?q=-34.072749,24.496608","https://www.google.com/maps?q=-34.072749,24.496608","School Address: Hombe A/A, Lusikisiki, 4820
School Email: Not publicly listed
School Principal: Not publicly listed
School Phone number: 27392531970
Suburb: Lusikisiki"
Sizamokuhle Daycare,ECD,SCH-00221,221,Motherwell,-33.802257,25.59773858,"https://www.google.com/maps?q=-33.80225674195678,25.597738581028427","https://www.google.com/maps?q=-33.80225674195678,25.597738581028427","School Address: Coordinates -33.80225674195678, 25.597738581028427 (per Google Maps; specific street address not found)
School Email: Not publicly listed
School Principal: Not publicly listed
School Phone number: Not publicly listed
Suburb: Not explicitly listed, but coordinates place it in Gqeberha (Port Elizabeth), Eastern Cape

No direct public records for Sizamokuhle Daycare's principal, email, or phone number were found online."
Smarties,ECD,SCH-00269,269,Zwide,-33.972831,25.59451438,"https://www.google.com/maps?q=-33.972831203822736,25.594514381535475","https://www.google.com/maps?q=-33.972831203822736,25.594514381535475","School Address: 1A Nile Road, Perridgevale, Gqeberha, Eastern Cape
School Email: Not publicly listed
School Principal: Zainap Smart
School Phone number: Not publicly listed
Suburb: Perridgevale

Source: https://www.school-register.co.za/school/smarties-montessori/"
Sophakama Pre-School,ECD,SCH-00219,219,Motherwell,-33.782244,25.58800368,"https://www.google.com/maps?q=-33.78224408988202,25.588003675063817","https://www.google.com/maps?q=-33.78224408988202,25.588003675063817","School Address: 136 Ngwevana Street, Port Elizabeth, Eastern Cape
School Email: Not publicly listed
School Principal: Not publicly listed
School Phone number: Not publicly listed
Suburb: New Brighton, Port Elizabeth"
Soqhayisa,High School,SCH-00034,34,Motherwell,-33.804487,,,,
Soutpan,Primary,SCH-00199,199,Arcadia,,,,,
Soweto-On-Sea,Primary,SCH-00151,151,Soweto-on-Sea,,,,,
Spencer Mabija,Primary,SCH-00093,93,KwaMagxaki,-33.843326,25.53820656,"https://www.google.com/maps?q=-33.8433263086302,25.538206555014753","https://www.google.com/maps?q=-33.8433263086302,25.538206555014753","School Address: 63 Mangcaka Street, Kwamagxaki, Gqeberha, 6201
School Email: az.oc.liamadov@427001002
School Principal: Qomfo Zj
School Phone number: +27 41 463 1050
Suburb: Kwamagxaki"
St Augustines,Primary,SCH-00303,303,Central,-33.963111,25.62175239,"https://www.google.com/maps?q=-33.963110838579915,25.621752388500926","https://www.google.com/maps?q=-33.963110838579915,25.621752388500926","School Address: 6 Prospect Hill, Central, Gqeberha, 6001
School Email: admin@staugustines.co.za (listed as az.oc.senitsuguats@nimda, which is admin@staugustines.co.za reversed)
School Principal: Not publicly listed in available sources
School Phone number: 041 585 5459
Suburb: Central, Gqeberha"
St James,High School,SCH-00035,35,Schauderville,-33.935186,25.57308583,"https://www.google.com/maps?q=-33.935186340124766,25.57308582618465","https://www.google.com/maps?q=-33.935186340124766,25.57308582618465","School Address: Brown Street, Schauderville, Gqeberha, 6020
School Email: Not publicly listed
School Principal: Not publicly listed
School Phone number: 041 453 3128
Suburb: Schauderville"
St Joseph'S,Primary,SCH-00124,124,Gerald Smith,-33.925149,25.50154820,"https://www.google.com/maps?q=-33.92514908732505,25.501548195694134","https://www.google.com/maps?q=-33.92514908732505,25.501548195694134","School Address: 536 Cape Rd, Kabega Park, Port Elizabeth, 6025
School Email: principal@stjosephsrcschool.co.za
School Principal: (Not explicitly listed on public pages; please verify with the school)
School Phone number: 041 360 8283
Suburb: Kabega Park"
St Magdalene,ECD,SCH-00264,264,,,,,,
St Mary Magdalene,ECD,SCH-00103,103,Motherwell,,,,,
St Teresa'S (Rc),Primary,SCH-00160,160,Schauderville,-33.936171,25.57364412,"https://www.google.com/maps?q=-33.93617066037834,25.573644124337257","https://www.google.com/maps?q=-33.93617066037834,25.573644124337257","School Address: 48 Paulet Street, Francisvale, Somerset East, 5850
School Email: saintsteresa40@gmail.com
School Principal: Mrs. Jackie Wansink (Acting Principal)
School Phone number: +27 42 243 2048
Suburb: Francisvale, Somerset East"
St Thomas,High School,SCH-00038,38,Gelvandale,-33.919038,25.55710498,"https://www.google.com/maps?q=-33.91903837522131,25.557104980159565","https://www.google.com/maps?q=-33.91903837522131,25.557104980159565","School Address: 10 Queens Road, King William's Town, 5600, Eastern Cape
School Email: stpschool@yahoo.com
School Principal: (Not explicitly listed in the latest sources; previous principal mentioned as Mrs G and Mr. C.A Doncker in different sources)
School Phone number: 043 642 5946
Suburb: King William's Town"
Stephen Mazungula,Primary,SCH-00050,50,New Brighton,-33.891207,25.59182997,"https://www.google.com/maps?q=-33.891207206031346,25.591829967880322","https://www.google.com/maps?q=-33.891207206031346,25.591829967880322","School Address: Magongo Street, New Brighton, Gqeberha (Port Elizabeth), 6200
School Email: alukejmison@gmail.com
School Principal: Np Mjekula
School Phone number: 041 454 4630
Suburb: New Brighton"
Stephen Nkomo,Primary,SCH-00135,135,KwaNobuhle,-33.797305,25.39660211,"https://www.google.com/maps?q=-33.79730474214001,25.39660210714066","https://www.google.com/maps?q=-33.79730474214001,25.39660210714066","School Address: Gxiya Street, Kwanobuhle, Kariega, 6230
School Email: 847omokn.nehpets@gmail.com
School Principal: Zr Jiyela
School Phone number: 041 977 3015
Suburb: Kwanobuhle"
Strelitzia,Primary,SCH-00102,102,Bethelsdorp,-33.860850,25.49433186,"https://www.google.com/maps?q=-33.86084971218498,25.494331859203484","https://www.google.com/maps?q=-33.86084971218498,25.494331859203484","School Address: Daniel Pienaar Street, Fairbridge Heights, Kariega (Uitenhage), 6229
School Email: mail@strelitziahs.co.za
School Principal: Andre Oosthuizen
School Phone number: 041 991 1000
Suburb: Fairbridge Heights"
Sume Centre,ECD,SCH-00286,286,New Brighton,-33.895676,25.59227928,"https://www.google.com/maps?q=-33.89567557955318,25.592279281375124","https://www.google.com/maps?q=-33.89567557955318,25.592279281375124","School Address: Msimka Street, New Brighton, Port Elizabeth, Eastern Cape
School Email: Not publicly listed
School Principal: Not publicly listed
School Phone number: Not publicly listed
Suburb: New Brighton, Port Elizabeth

Note: Only the address and suburb are publicly available; principal, email, and phone number are not listed in accessible sources."
Sunnyside,ECD,SCH-00251,251,New Brighton,-33.901973,25.59839494,"https://www.google.com/maps?q=-33.901973,25.59839494","https://www.google.com/maps?q=-33.901973,25.59839494","School Address: Main Street, Flagstaff, 4810, Eastern Cape
School Email: Not publicly confirmed
School Principal: Marillier Cb
School Phone number: 073 229 1096
Suburb: Flagstaff"
Swartkops,Primary,SCH-00126,126,Swartkops,-33.864810,25.60248345,"https://www.google.com/maps?q=-33.86481036232352,25.60248344790797","https://www.google.com/maps?q=-33.86481036232352,25.60248344790797","School Address: 32 A Maxwell Street, Swartkops, Gqeberha, 6209
School Email: yamirpspoktraws@gmail.com
School Principal: Cikizwa Xhanti
School Phone number: 041 466 5611
Suburb: Swartkops"
Takalani Daycare,ECD,SCH-00211,211,Kwazakhele,-33.872670,25.57540569,"https://www.google.com/maps?q=-33.87266979315427,25.57540568700903","https://www.google.com/maps?q=-33.87266979315427,25.57540568700903","School Address: 2713 Malinda St
School Email: Not publicly listed
School Principal: Johanna Khoza
School Phone number: Not publicly listed
Suburb: Not explicitly listed, but based on the Google Maps link, it is in Gqeberha (Port Elizabeth), Eastern Cape"
Thanda Abantwana,ECD,SCH-00242,242,,,,,,
Thandabantwana Daycare,ECD,SCH-00217,217,Motherwell,-33.789111,25.58305465,"https://www.google.com/maps?q=-33.789111489952816,25.583054653183687","https://www.google.com/maps?q=-33.789111489952816,25.583054653183687","School Address: 447 Sigalo St
School Email: Not publicly listed
School Principal: Evenly Thwala
School Phone number: Not publicly listed
Suburb: Not specified (based on the Google Maps link, likely in or near Gqeberha/Port Elizabeth, Eastern Cape)

Note: The school’s contact email and phone number are not publicly available in the sources found."
Thandi's Educare & Aftercare,ECD,SCH-00259,259,New Brighton,,,,,
Thembalethu,ECD,SCH-00107,107,New Brighton,-33.907308,25.60010112,"https://www.google.com/maps?q=-33.907308243779894,25.600101123128002","https://www.google.com/maps?q=-33.907308243779894,25.600101123128002","School Address: Qhawa Street, Thembalethu, George, 6536
School Email: Not publicly listed
School Principal: Nm Cona
School Phone number: 044 880 9182
Suburb: Thembalethu, George"
Tinara,High School,SCH-00030,30,Uitenhage,-33.811683,25.39749493,"https://www.google.com/maps?q=-33.81168265916304,25.39749492617769","https://www.google.com/maps?q=-33.81168265916304,25.39749492617769","School Address: 2 Ponana Tini Road, KwaNobuhle, Kariega, 6242
School Email: ten.asmoklet@aranit (reverse to get: tinara@telkomsa.net)
School Principal: Not publicly listed in recent sources
School Phone number: 041 977 3198
Suburb: KwaNobuhle"
Tinky Winky Day Care,ECD,SCH-00235,235,,-33.824381,25.58975190,"https://www.google.com/maps?q=-33.824381,25.5897519","https://www.google.com/maps?q=-33.824381,25.5897519","School Address: Ceru Street, Motherwell NU5, Port Elizabeth, Eastern Cape, 6211
School Email: tinkywinkyplayschool@gmail.com
School Principal: Veronica Sacks
School Phone number: +27 61 427 6194
Suburb: Motherwell NU5"
Triomf,Primary,SCH-00188,188,Salsoneville,-33.887592,25.51036135,"https://www.google.com/maps?q=-33.887591946171945,25.510361352695163","https://www.google.com/maps?q=-33.887591946171945,25.510361352695163","School Address: 1 Adams Street, Salsoneville, Gqeberha, 6059
School Email: triomfprimaryschool@komast.net
School Principal: Not publicly listed
School Phone number: 041 481 2289
Suburb: Salsoneville"
Twinkle toes Educare ,ECD,SCH-00266,266,,,,,,
Tyhilulwazi,High School,SCH-00040,40,Zinyoka,-33.862420,25.54295925,"https://www.google.com/maps?q=-33.86241977569894,25.542959253168434","https://www.google.com/maps?q=-33.86241977569894,25.542959253168434","School Address: Mbeki Street, Govan Mbeki Township, Gqeberha, 6001
School Email: shizawluliyt@telkomsa.net
School Principal: F.A. Magxalisa
School Phone number: 041 450 7123
Suburb: Govan Mbeki Township"
Uitenhage,Primary,SCH-00143,143,Gambleville,-33.741340,25.37387277,"https://www.google.com/maps?q=-33.741339584584864,25.373872766655698","https://www.google.com/maps?q=-33.741339584584864,25.373872766655698","'- School Address: 27 Essenwood Street, Gambleville, Kariega (Uitenhage), 6229
- School Email: Not publicly listed
- School Principal: Not publicly listed
- School Phone number: Not publicly listed
- Suburb: Gambleville, Kariega (Uitenhage)"
Umzam'omhle Educare,ECD,SCH-00273,273,Bethelsdorp,-33.861112,25.54003268,"https://www.google.com/maps?q=-33.861112481802856,25.540032681528714","https://www.google.com/maps?q=-33.861112481802856,25.540032681528714","'- School Address: Not explicitly listed, but located at the coordinates -33.861112481802856, 25.540032681528714 in the Eastern Cape (Amathole West district)
- School Email: Not publicly listed
- School Principal: Not publicly listed
- School Phone number: Not publicly listed
- Suburb: Not explicitly listed, but based on coordinates, likely in or near Mdantsane/Amathole West

No direct public listing for principal, email, or phone number was found in available sources. The school appears in government documents as ""Umzam'omhle Senior Secondary School"" in Amathole West."
Van Der Kemp,Primary,SCH-00149,149,Salt Lake,-33.888971,25.53330291,"https://www.google.com/maps?q=-33.88897059949112,25.533302910840597","https://www.google.com/maps?q=-33.88897059949112,25.533302910840597","School Address: Baartman Street, Salt Lake, Gqeberha, 6059
School Email: debbie.jephta@gmail.com
School Principal: Dr Jeptha
School Phone number: 041 481 6128
Suburb: Salt Lake, Gqeberha"
Van Stadens,Primary,SCH-00174,174,Thornhill,-33.909612,25.21666280,"https://www.google.com/maps?q=-33.9096117993681,25.216662801609772","https://www.google.com/maps?q=-33.9096117993681,25.216662801609772","School Address: Wild Flower Reserve, Witteklip, Thornhill, 6375
School Email: Not publicly listed
School Principal: Not publicly listed
School Phone number: 073 959 1625
Suburb: Thornhill"
Verite,Primary,SCH-00134,134,Rosedale,-33.738524,25.36677901,"https://www.google.com/maps?q=-33.73852389516339,25.366779012202546","https://www.google.com/maps?q=-33.73852389516339,25.366779012202546","School Address: Eagle Drive, Rosedale, Uitenhage, 6230
School Email: Not publicly listed
School Principal: Not publicly listed
School Phone number: 041 988 5441
Suburb: Rosedale, Uitenhage"
Vezubuhle,Primary,SCH-00084,84,Motherwell,-33.817221,25.59246774,"https://www.google.com/maps?q=-33.81722093098663,25.592467737824485","https://www.google.com/maps?q=-33.81722093098663,25.592467737824485","School Address: Mgwalana Street, Motherwell, Gqeberha, 6211
School Email: az.oc.liamadov@918001002
School Principal: Not publicly listed
School Phone number: 041 462 0688
Suburb: Motherwell, Gqeberha"
VM Kwinana,High School,SCH-00021,21,Uitenhage,-33.797690,25.39720291,"https://www.google.com/maps?q=-33.797690474419525,25.39720291083548","https://www.google.com/maps?q=-33.797690474419525,25.39720291083548","School Address: 56 Nomakhwezana Street, Kwa-Nobuhle, Kariega, 6242
School Email: Not publicly listed
School Principal: Jm Blou
School Phone number: 041 977 7053 / 041 977 2355
Suburb: Kwa-Nobuhle, Kariega"
Vuba,Primary,SCH-00128,128,KwaNobuhle,-33.799112,25.38556861,"https://www.google.com/maps?q=-33.799111783823626,25.385568608988237","https://www.google.com/maps?q=-33.799111783823626,25.385568608988237","School Address: 28 Soga Street, Kwanobuhle, Kariega, 6242
School Email: Not publicly listed
School Principal: Not publicly listed
School Phone number: 041 977 1617
Suburb: Kwanobuhle, Kariega"
Vukani Daycare,ECD,SCH-00311,311,Clarkson,,,,,
Vukanibantu,Primary,SCH-00080,80,Motherwell,-33.826446,25.59781321,"https://www.google.com/maps?q=-33.82644608977926,25.597813210837128","https://www.google.com/maps?q=-33.82644608977926,25.597813210837128","School Address: Chalumna Street, N.U 5, Motherwell, Gqeberha, 6211
School Email: vukanibantuprimary@gmail.com
School Principal: Not publicly listed
School Phone number: 041 462 0089
Suburb: Motherwell, Gqeberha"
Vulamazibuko,High School,SCH-00007,7,East London,-32.939983,27.74764259,"https://www.google.com/maps?q=-32.939982880110065,27.74764258934256","https://www.google.com/maps?q=-32.939982880110065,27.74764258934256","School Address: 1409 Nu 6, Mdantsane, East London, 5219
School Email: principal.200200887@ecschools.org.za
School Principal: Not publicly listed
School Phone number: 043 555 0652
Suburb: Mdantsane"
Vulithemba,ECD,SCH-00246,246,Zwide,-33.867941,25.57438521,"https://www.google.com/maps?q=-33.867941,25.57438521","https://www.google.com/maps?q=-33.867941,25.57438521","'- School Address: Vulithemba, coordinates -33.867941, 25.57438521 (Google Maps location in Gqeberha, Eastern Cape)
- School Email: Not publicly listed
- School Principal: Not publicly listed
- School Phone number: Not publicly listed
- Suburb: Gqeberha (formerly Port Elizabeth), Eastern Cape

No direct public listings for principal, email, or phone number were found for Vulithemba at this location."
Vulumzi,High School,SCH-00019,19,Motherwell,-33.827315,25.59468040,"https://www.google.com/maps?q=-33.82731543106958,25.59468039549589","https://www.google.com/maps?q=-33.82731543106958,25.59468039549589","School Address: 54 Chalumna Street, Motherwell, Gqeberha, 6211
School Email: sssizmuluv@gmail.com
School Principal: Ms Quza
School Phone number: 041 205 0924
Suburb: Motherwell"
W B Tshume,Primary,SCH-00150,150,Kwazakhele,-33.868539,25.58098075,"https://www.google.com/maps?q=-33.8685393120859,25.58098074801691","https://www.google.com/maps?q=-33.8685393120859,25.58098074801691","School Address: Ngxokolo Street, Kwazakhele, Gqeberha, 6205
School Email: npotelwa4@gmail.com
School Principal: Mr. A.C Mfunda
School Phone number: 060 566 0097 / 064 531 2249
Suburb: Kwazakhele"
Walmer,Primary,SCH-00200,200,Walmer,-33.983145,25.59204782,"https://www.google.com/maps?q=-33.98314458768467,25.592047824594495","https://www.google.com/maps?q=-33.98314458768467,25.592047824594495","School Address: Corner Heugh Road & 9th Avenue, Walmer, Port Elizabeth, 6070
School Email: Not publicly listed
School Principal: Mr Siyanda Sitsheke (Walmer High School)
School Phone number: 041 581 1075
Suburb: Walmer"
Walmer HS,High School,SCH-00012,12,Walmer,-33.984663,25.58707228,"https://www.google.com/maps?q=-33.98466340728998,25.587072282010705","https://www.google.com/maps?q=-33.98466340728998,25.587072282010705","School Address: Corner Heugh Road & 9th Avenue, Walmer, Port Elizabeth, 6070
School Email: Not publicly listed
School Principal: Mr Siyanda Sitsheke
School Phone number: 041 581 1075
Suburb: Walmer"
West End,Primary,SCH-00136,136,Bethelsdorp,-33.881385,25.51862858,"https://www.google.com/maps?q=-33.88138484719807,25.518628582004904","https://www.google.com/maps?q=-33.88138484719807,25.518628582004904","School Address: 26-36 St Dominic Street, West End, Port Elizabeth, 6059
School Email: 200108045@vodamail.co.za
School Principal: Blignaut Yf (2023)
School Phone number: (+27) 41 481 1914
Suburb: West End, Port Elizabeth"
Winterberg,Primary,SCH-00120,120,Gerald Smith,-33.769461,25.39377555,"https://www.google.com/maps?q=-33.769461193223336,25.39377555316326","https://www.google.com/maps?q=-33.769461193223336,25.39377555316326","School Address: R344, Winterberg area, Tarkastad, 5370, Eastern Cape
School Email: info@winterbergschool.org
School Principal: Not publicly listed
School Phone number: +27 (0)45 848 0004
Suburb: Winterberg area, Tarkastad"
Wongalethu,High School,SCH-00009,9,East London,-32.950130,27.74998477,"https://www.google.com/maps?q=-32.95013003109316,27.749984766612005","https://www.google.com/maps?q=-32.95013003109316,27.749984766612005","School Address: 5107 NU 2, Mdantsane, East London, 5219
School Email: Not publicly listed
School Principal: Not publicly listed
School Phone number: 043 760 0062 / 043 761 6496
Suburb: Mdantsane"
Yellowwoods,Primary,SCH-00178,178,Witteklip,-33.903179,25.25738364,"https://www.google.com/maps?q=-33.903179445739774,25.25738363920157","https://www.google.com/maps?q=-33.903179445739774,25.25738363920157","School Address: Between Adelaide and Bedford, P.O. Box 136, Adelaide, 5760, Eastern Cape, South Africa
School Email: ywadmin@procomp.co.za
School Principal: Not listed on the official website
School Phone number: 046 684 0708
Suburb: Near Adelaide (between Adelaide and Bedford)"
Yomelela EduCare,ECD,SCH-00236,236,Kwazakhele,-33.880337,25.60037885,"https://www.google.com/maps?q=-33.88033705943463,25.600378852694693","https://www.google.com/maps?q=-33.88033705943463,25.600378852694693","School Address: 11524 Mathodlana Street, Port Elizabeth, Eastern Cape
School Email: Not publicly listed
School Principal: Nombulelo Mgqwanci
School Phone number: Not publicly listed
Suburb: Not explicitly listed, but located in Nelson Mandela Bay, Port Elizabeth"
Zamukukhanya,Primary,SCH-00156,156,Zwide,,,,,
Zanolwazi,High School,SCH-00011,11,Despatch,,,,,
Zanoxolo,Primary,SCH-00058,58,Motherwell,-33.797113,25.60487174,"https://www.google.com/maps?q=-33.79711267861864,25.60487173967095","https://www.google.com/maps?q=-33.79711267861864,25.60487173967095","School Address: 1 Qhude Street, Motherwell, Gqeberha, 6211
School Email: thembekaveto@gmail.co.za
School Principal: Not publicly listed
School Phone number: +27 41 469 2183
Suburb: Motherwell, Gqeberha"
Zizamele,ECD,SCH-00304,304,New Brighton,-33.892751,25.60417254,"https://www.google.com/maps?q=-33.892751,25.60417254","https://www.google.com/maps?q=-33.892751,25.60417254","School Address: Main Street, Zizamele Township, Msobomvu Township, Butterworth, 4960
School Email: Not publicly listed
School Principal: Not publicly listed (previously listed as Mbuyazwe Oz for Zizamele Primary, but not confirmed for this school)
School Phone number: 073 258 9282
Suburb: Msobomvu Township, Butterworth"
Zukhanye,ECD,SCH-00249,249,,-33.797929,25.60619036,"https://www.google.com/maps?q=-33.797929,25.60619036","https://www.google.com/maps?q=-33.797929,25.60619036","School Address: Mzantsi Location, King Williams Town, 5600
School Email: twk9550002002@gmail.com
School Principal: Not publicly listed
School Phone number: 079 480 5014
Suburb: Mzantsi Location"
Zukisa,Primary,SCH-00307,307,Mdantsane,,,,,